a/a,FAR_ID,SPRAY_STDATE,SPRAY_ENDATE,SPRAYED_TREES,LIQUID_USED,FARMAK_USED,PULL_USED,LAND_PROTECT,DHMOS_ID,DHMOS_AA,FLAG_SYNERG,CONTR_ID,SYNERG_DESCR,TOMEARX_ID,DAC_SPRAY_ID,WORKSHOP_ID,WORKSHOP_DESCR,DHMOS_CODE,DHMOS_DESCR,TOM_DESCR
25,37810,13/07/14,13/07/14,8268,2480,7,50,821,16726,1,0,37788,,37786,37878,,,84010200,Δ.Δ.Αγίου Κωνσταντίνου,ΑΝΑΤΟΛΙΚΗ ΣΑΜΟΣ
26,37810,19/07/14,19/07/14,3991,1197,4,24,791,16920,1,0,37788,,37786,37875,,,84060800,Δ.Δ.Πανδρόσου,ΑΝΑΤΟΛΙΚΗ ΣΑΜΟΣ
27,37809,19/07/14,19/07/14,17442,5232,7,105,3383,16922,1,0,37788,,37786,37876,,,84060900,Δ.Δ.Πύργου,ΑΝΑΤΟΛΙΚΗ ΣΑΜΟΣ
28,37810,19/07/14,19/07/14,34000,10200,31,204,3255,16935,1,0,37788,,37786,37877,,,84061100,Δ.Δ.Χώρας,ΑΝΑΤΟΛΙΚΗ ΣΑΜΟΣ
29,37810,12/07/14,12/07/14,8897,2669,8,53,1142,16729,1,0,37789,,37786,37879,,,84010300,Δ.Δ.Αμπέλου,ΑΝΑΤΟΛΙΚΗ ΣΑΜΟΣ
30,37810,09/07/14,10/07/14,32203,9661,29,193,4004,16733,1,0,37788,,37786,37880,,,84010400,Δ.Δ.Βαθέος,ΑΝΑΤΟΛΙΚΗ ΣΑΜΟΣ
31,37810,10/07/14,10/07/14,18691,5607,17,112,2347,16753,1,0,37788,,37786,37881,,,84010500,Δ.Δ.Βουρλιωτών,ΑΝΑΤΟΛΙΚΗ ΣΑΜΟΣ
32,37810,08/07/14,08/07/14,12191,3657,11,73,1941,16758,1,0,37790,,37786,37888,,,84010600,Δ.Δ.Κοκκαρίου,ΑΝΑΤΟΛΙΚΗ ΣΑΜΟΣ
33,37810,11/07/14,11/07/14,5578,1673,5,33,648,16760,1,0,37788,,37786,37889,,,84010700,Δ.Δ.Μανολατών,ΑΝΑΤΟΛΙΚΗ ΣΑΜΟΣ
34,37810,08/07/14,09/07/14,23307,6992,21,140,3314,16763,1,0,37790,,37786,37890,,,84010800,Δ.Δ.Παλαιοκάστρου,ΑΝΑΤΟΛΙΚΗ ΣΑΜΟΣ
35,37810,11/07/14,11/07/14,3077,923,3,18,397,16770,1,0,37788,,37786,37891,,,84010900,Δ.Δ.Σταυρινήδων,ΑΝΑΤΟΛΙΚΗ ΣΑΜΟΣ
36,37810,21/07/14,21/07/14,17809,5364,16,107,3132,16902,1,0,37789,,37786,37892,,,84060300,Δ.Δ.Μαυρατζαίων,ΑΝΑΤΟΛΙΚΗ ΣΑΜΟΣ
37,37810,18/07/14,18/07/14,4104,1231,4,25,738,16906,1,0,37789,,37786,37893,,,84060400,Δ.Δ.Μεσογείου,ΑΝΑΤΟΛΙΚΗ ΣΑΜΟΣ
38,37810,20/07/14,21/07/14,21484,6445,19,129,2878,16908,1,0,37788,,37786,37894,,,84060500,Δ.Δ.Μύλων,ΑΝΑΤΟΛΙΚΗ ΣΑΜΟΣ
39,37810,15/07/14,18/07/14,63105,18931,57,379,8174,16910,1,0,37789,,37786,37901,,,84060600,Δ.Δ.Μυτιληνιών,ΑΝΑΤΟΛΙΚΗ ΣΑΜΟΣ
63,37813,10/09/14,10/09/14,23307,6992,45,140,3314,16763,3,0,37790,,37786,38433,,,84010800,Δ.Δ.Παλαιοκάστρου,ΑΝΑΤΟΛΙΚΗ ΣΑΜΟΣ
64,37813,17/09/14,18/09/14,17809,5364,35,107,3132,16902,3,0,37794,,37786,38434,,,84060300,Δ.Δ.Μαυρατζαίων,ΑΝΑΤΟΛΙΚΗ ΣΑΜΟΣ
65,37809,26/09/14,26/09/14,4104,1231,2,25,738,16906,3,0,37792,,37786,38435,,,84060400,Δ.Δ.Μεσογείου,ΑΝΑΤΟΛΙΚΗ ΣΑΜΟΣ
66,37813,23/09/14,24/09/14,21484,6445,42,129,2878,16908,3,0,37791,,37786,38436,,,84060500,Δ.Δ.Μύλων,ΑΝΑΤΟΛΙΚΗ ΣΑΜΟΣ
67,37809,11/09/14,16/09/14,63105,18931,24,379,8174,16910,3,0,37788,,37786,38437,,,84060600,Δ.Δ.Μυτιληνιών,ΑΝΑΤΟΛΙΚΗ ΣΑΜΟΣ
68,37813,13/09/14,13/09/14,3077,923,6,18,397,16770,3,0,37789,,37786,38438,,,84010900,Δ.Δ.Σταυρινήδων,ΑΝΑΤΟΛΙΚΗ ΣΑΜΟΣ
69,37813,19/10/14,19/10/14,3991,1197,8,24,791,16920,4,0,37802,,37786,38439,,,84060800,Δ.Δ.Πανδρόσου,ΑΝΑΤΟΛΙΚΗ ΣΑΜΟΣ
70,37813,19/10/14,19/10/14,17442,5232,34,105,3383,16922,4,0,37803,,37786,38440,,,84060900,Δ.Δ.Πύργου,ΑΝΑΤΟΛΙΚΗ ΣΑΜΟΣ
71,37811,16/10/14,18/10/14,34000,10200,510,204,3255,16935,4,0,37791,,37786,38441,,,84061100,Δ.Δ.Χώρας,ΑΝΑΤΟΛΙΚΗ ΣΑΜΟΣ
72,37809,10/10/14,10/10/14,8268,2480,3,50,821,16726,4,0,37793,,37786,38442,,,84010200,Δ.Δ.Αγίου Κωνσταντίνου,ΑΝΑΤΟΛΙΚΗ ΣΑΜΟΣ
73,37809,11/10/14,11/10/14,8897,2669,3,53,1142,16729,4,0,37789,,37786,38443,,,84010300,Δ.Δ.Αμπέλου,ΑΝΑΤΟΛΙΚΗ ΣΑΜΟΣ
74,37809,09/10/14,09/10/14,32203,9661,12,193,4004,16733,4,0,37790,,37786,38444,,,84010400,Δ.Δ.Βαθέος,ΑΝΑΤΟΛΙΚΗ ΣΑΜΟΣ
75,37809,10/10/14,10/10/14,18691,5607,7,112,2347,16753,4,0,37790,,37786,38445,,,84010500,Δ.Δ.Βουρλιωτών,ΑΝΑΤΟΛΙΚΗ ΣΑΜΟΣ
76,37809,09/10/14,09/10/14,12191,3657,5,73,1941,16758,4,0,37792,,37786,38446,,,84010600,Δ.Δ.Κοκκαρίου,ΑΝΑΤΟΛΙΚΗ ΣΑΜΟΣ
77,37809,09/10/14,09/10/14,5578,1673,2,33,648,16760,4,0,37793,,37786,38447,,,84010700,Δ.Δ.Μανολατών,ΑΝΑΤΟΛΙΚΗ ΣΑΜΟΣ
78,37809,08/10/14,08/10/14,23307,6992,9,140,3314,16763,4,0,37793,,37786,38448,,,84010800,Δ.Δ.Παλαιοκάστρου,ΑΝΑΤΟΛΙΚΗ ΣΑΜΟΣ
79,37813,19/10/14,21/10/14,17809,5364,35,107,3132,16902,4,0,37793,,37786,38449,,,84060300,Δ.Δ.Μαυρατζαίων,ΑΝΑΤΟΛΙΚΗ ΣΑΜΟΣ
80,37813,19/10/14,19/10/14,4104,1231,8,25,738,16906,4,0,37808,,37786,38450,,,84060400,Δ.Δ.Μεσογείου,ΑΝΑΤΟΛΙΚΗ ΣΑΜΟΣ
81,37813,18/10/14,19/10/14,21484,6445,42,129,2878,16908,4,0,37794,,37786,38451,,,84060500,Δ.Δ.Μύλων,ΑΝΑΤΟΛΙΚΗ ΣΑΜΟΣ
82,37809,09/10/14,15/10/14,63105,18931,24,379,8174,16910,4,0,37788,,37786,38452,,,84060600,Δ.Δ.Μυτιληνιών,ΑΝΑΤΟΛΙΚΗ ΣΑΜΟΣ
83,37809,09/10/14,09/10/14,3077,923,1,18,397,16770,4,0,37792,,37786,38453,,,84010900,Δ.Δ.Σταυρινήδων,ΑΝΑΤΟΛΙΚΗ ΣΑΜΟΣ
169,37813,31/08/14,31/08/14,3991,1197,8,24,791,16920,2,0,37788,,37786,38333,,,84060800,Δ.Δ.Πανδρόσου,ΑΝΑΤΟΛΙΚΗ ΣΑΜΟΣ
170,37813,31/08/14,31/08/14,17442,5232,34,105,3383,16922,2,0,37789,,37786,38334,,,84060900,Δ.Δ.Πύργου,ΑΝΑΤΟΛΙΚΗ ΣΑΜΟΣ
171,37813,22/08/14,24/08/14,34000,10200,66,204,3255,16935,2,0,37790,,37786,38335,,,84061100,Δ.Δ.Χώρας,ΑΝΑΤΟΛΙΚΗ ΣΑΜΟΣ
172,37811,08/08/14,08/08/14,8268,2480,124,50,821,16726,2,0,37791,,37786,38336,,,84010200,Δ.Δ.Αγίου Κωνσταντίνου,ΑΝΑΤΟΛΙΚΗ ΣΑΜΟΣ
173,37811,09/08/14,09/08/14,8897,2669,133,53,1142,16729,2,0,37792,,37786,38337,,,84010300,Δ.Δ.Αμπέλου,ΑΝΑΤΟΛΙΚΗ ΣΑΜΟΣ
174,37813,13/08/14,13/08/14,32203,9661,63,193,4004,16733,2,0,37793,,37786,38338,,,84010400,Δ.Δ.Βαθέος,ΑΝΑΤΟΛΙΚΗ ΣΑΜΟΣ
175,37811,11/08/14,11/08/14,18691,5607,280,112,2347,16753,2,0,37794,,37786,38339,,,84010500,Δ.Δ.Βουρλιωτών,ΑΝΑΤΟΛΙΚΗ ΣΑΜΟΣ
176,37811,12/08/14,12/08/14,12191,3657,183,73,1941,16758,2,0,37788,,37786,38340,,,84010600,Δ.Δ.Κοκκαρίου,ΑΝΑΤΟΛΙΚΗ ΣΑΜΟΣ
177,37811,10/08/14,10/08/14,5578,1673,84,33,648,16760,2,0,37789,,37786,38341,,,84010700,Δ.Δ.Μανολατών,ΑΝΑΤΟΛΙΚΗ ΣΑΜΟΣ
178,37813,21/08/14,23/08/14,23307,6992,45,140,3314,16763,2,0,37790,,37786,38342,,,84010800,Δ.Δ.Παλαιοκάστρου,ΑΝΑΤΟΛΙΚΗ ΣΑΜΟΣ
179,37813,24/08/14,24/08/14,17809,5364,35,107,3132,16902,2,0,37791,,37786,38343,,,84060300,Δ.Δ.Μαυρατζαίων,ΑΝΑΤΟΛΙΚΗ ΣΑΜΟΣ
180,37813,31/08/14,31/08/14,4104,1231,8,25,738,16906,2,0,37792,,37786,38344,,,84060400,Δ.Δ.Μεσογείου,ΑΝΑΤΟΛΙΚΗ ΣΑΜΟΣ
181,37813,23/08/14,23/08/14,21484,6445,42,129,2878,16908,2,0,37793,,37786,38345,,,84060500,Δ.Δ.Μύλων,ΑΝΑΤΟΛΙΚΗ ΣΑΜΟΣ
182,37813,14/08/14,22/08/14,63105,18931,123,379,8174,16910,2,0,37794,,37786,38346,,,84060600,Δ.Δ.Μυτιληνιών,ΑΝΑΤΟΛΙΚΗ ΣΑΜΟΣ
183,37811,10/08/14,10/08/14,3077,923,46,18,397,16770,2,0,37788,,37786,38348,,,84010900,Δ.Δ.Σταυρινήδων,ΑΝΑΤΟΛΙΚΗ ΣΑΜΟΣ
184,37813,26/09/14,26/09/14,3991,1197,8,24,791,16920,3,0,37789,,37786,38349,,,84060800,Δ.Δ.Πανδρόσου,ΑΝΑΤΟΛΙΚΗ ΣΑΜΟΣ
185,37809,25/09/14,25/09/14,17442,5232,7,105,3383,16922,3,0,37790,,37786,38350,,,84060900,Δ.Δ.Πύργου,ΑΝΑΤΟΛΙΚΗ ΣΑΜΟΣ
210,37809,16/09/14,16/09/14,8897,2669,3,53,1142,16729,3,0,37790,,37786,38428,,,84010300,Δ.Δ.Αμπέλου,ΑΝΑΤΟΛΙΚΗ ΣΑΜΟΣ
211,37809,19/09/14,24/09/14,34000,10200,13,204,3255,16935,3,0,37788,,37786,38426,,,84061100,Δ.Δ.Χώρας,ΑΝΑΤΟΛΙΚΗ ΣΑΜΟΣ
212,37813,15/09/14,15/09/14,8268,2480,16,50,821,16726,3,0,37789,,37786,38427,,,84010200,Δ.Δ.Αγίου Κωνσταντίνου,ΑΝΑΤΟΛΙΚΗ ΣΑΜΟΣ
213,37813,11/09/14,11/09/14,32203,9661,63,193,4004,16733,3,0,37791,,37786,38429,,,84010400,Δ.Δ.Βαθέος,ΑΝΑΤΟΛΙΚΗ ΣΑΜΟΣ
214,37813,12/09/14,12/09/14,18691,5607,36,112,2347,16753,3,0,37803,,37786,38430,,,84010500,Δ.Δ.Βουρλιωτών,ΑΝΑΤΟΛΙΚΗ ΣΑΜΟΣ
215,37813,11/09/14,11/09/14,12191,3657,24,73,1941,16758,3,0,37795,,37786,38431,,,84010600,Δ.Δ.Κοκκαρίου,ΑΝΑΤΟΛΙΚΗ ΣΑΜΟΣ
216,37809,13/09/14,13/09/14,5578,1673,2,1673,648,16760,3,0,37791,,37786,38432,,,84010700,Δ.Δ.Μανολατών,ΑΝΑΤΟΛΙΚΗ ΣΑΜΟΣ
24,37809,12/07/14,12/07/14,7523,2257,3,45,1316,16848,1,0,37803,,37787,38323,,,84040400,Δ.Δ.Καστανέας,ΔΥΤΙΚΗ ΣΑΜΟΣ
40,37809,11/07/14,11/07/14,31648,9494,12,190,3644,16837,1,0,37795,,37787,37902,,,84040100,Δ.Δ.Καρλοβασίων,ΔΥΤΙΚΗ ΣΑΜΟΣ
41,37809,14/07/14,14/07/14,11970,3591,5,72,1929,16845,1,0,37804,,37787,37903,,,84040300,Δ.Δ.Δρακαίων,ΔΥΤΙΚΗ ΣΑΜΟΣ
84,37813,15/10/14,18/10/14,31548,9494,62,190,3644,16837,4,0,37795,,37787,38469,,,84040100,Δ.Δ.Καρλοβασίων,ΔΥΤΙΚΗ ΣΑΜΟΣ
85,37813,15/10/14,15/10/14,7523,2257,15,45,1316,16848,4,0,37802,,37787,38470,,,84040400,Δ.Δ.Καστανέας,ΔΥΤΙΚΗ ΣΑΜΟΣ
86,37812,11/10/14,11/10/14,11970,3591,1,72,1929,16845,4,0,37807,,37787,38471,,,84040300,Δ.Δ.Δρακαίων,ΔΥΤΙΚΗ ΣΑΜΟΣ
87,37813,14/10/14,14/10/14,22512,6753,44,135,3325,16882,4,0,37807,,37787,38485,,,84050300,Δ.Δ.Κουμαιίκων,ΔΥΤΙΚΗ ΣΑΜΟΣ
88,37812,11/10/14,11/10/14,19916,5975,2,119,3157,16880,4,0,37806,,37787,38498,,,84050200,Δ.Δ.Καλλιθέας,ΔΥΤΙΚΗ ΣΑΜΟΣ
89,37812,12/10/14,14/10/14,80000,24000,8,480,14185,16870,4,0,37805,,37787,38499,,,84050100,Δ.Δ.Μαραθοκάμπου,ΔΥΤΙΚΗ ΣΑΜΟΣ
90,37813,16/10/14,16/10/14,18416,5525,36,110,2037,16867,4,0,37796,,37787,38500,,,84041000,Δ.Δ.Υδρούσσης,ΔΥΤΙΚΗ ΣΑΜΟΣ
91,37813,15/10/14,15/10/14,6772,2031,13,41,922,16865,4,0,37797,,37787,38501,,,84040900,Δ.Δ.Πλατάνου,ΔΥΤΙΚΗ ΣΑΜΟΣ
92,37813,15/10/14,15/10/14,10819,3246,21,65,1689,16862,4,0,37801,,37787,38502,,,84040800,Δ.Δ.Λέκας,ΔΥΤΙΚΗ ΣΑΜΟΣ
93,37813,17/10/14,17/10/14,15401,4620,30,92,1340,16852,4,0,37800,,37787,38503,,,84040600,Δ.Δ.Κοντακαιίκων,ΔΥΤΙΚΗ ΣΑΜΟΣ
94,37813,18/10/14,18/10/14,11758,3527,23,71,1460,16850,4,0,37799,,37787,38504,,,84040500,Δ.Δ.Κονταιίκων,ΔΥΤΙΚΗ ΣΑΜΟΣ
95,37813,16/10/14,16/10/14,7601,2280,15,46,1154,16859,4,0,37798,,37787,38505,,,84040700,Δ.Δ.Κοσμαδαίων,ΔΥΤΙΚΗ ΣΑΜΟΣ
147,37809,18/07/14,18/07/14,22512,6753,8,135,3325,16882,1,0,37807,,37787,38324,,,84050300,Δ.Δ.Κουμαιίκων,ΔΥΤΙΚΗ ΣΑΜΟΣ
161,37809,14/07/14,14/07/14,19916,5975,8,119,3157,16880,1,0,37806,,37787,38325,,,84050200,Δ.Δ.Καλλιθέας,ΔΥΤΙΚΗ ΣΑΜΟΣ
162,37809,15/07/14,17/07/14,80000,24000,30,480,14185,16870,1,0,37805,,37787,38326,,,84050100,Δ.Δ.Μαραθοκάμπου,ΔΥΤΙΚΗ ΣΑΜΟΣ
163,37809,09/07/14,09/07/14,18416,5525,7,110,2037,16867,1,0,37796,,37787,38327,,,84041000,Δ.Δ.Υδρούσσης,ΔΥΤΙΚΗ ΣΑΜΟΣ
164,37809,10/07/14,11/07/14,6772,2031,3,41,922,16865,1,0,37797,,37787,38328,,,84040900,Δ.Δ.Πλατάνου,ΔΥΤΙΚΗ ΣΑΜΟΣ
165,37809,13/07/14,13/07/14,10819,3246,4,65,1689,16862,1,0,37798,,37787,38329,,,84040800,Δ.Δ.Λέκας,ΔΥΤΙΚΗ ΣΑΜΟΣ
166,37809,13/07/14,13/07/14,7601,2280,3,46,1154,16859,1,0,37799,,37787,38330,,,84040700,Δ.Δ.Κοσμαδαίων,ΔΥΤΙΚΗ ΣΑΜΟΣ
167,37809,12/07/14,12/07/14,11758,3527,4,71,1460,16850,1,0,37800,,37787,38331,,,84040500,Δ.Δ.Κονταιίκων,ΔΥΤΙΚΗ ΣΑΜΟΣ
168,37809,10/07/14,10/07/14,15401,4620,6,92,1340,16852,1,0,37801,,37787,38332,,,84040600,Δ.Δ.Κοντακαιίκων,ΔΥΤΙΚΗ ΣΑΜΟΣ
186,37811,10/08/14,10/08/14,31648,9494,475,,3644,16837,2,0,37795,,37787,38351,,,84040100,Δ.Δ.Καρλοβασίων,ΔΥΤΙΚΗ ΣΑΜΟΣ
187,37811,12/08/14,12/08/14,11970,3591,180,,1929,16845,2,0,37802,,37787,38352,,,84040300,Δ.Δ.Δρακαίων,ΔΥΤΙΚΗ ΣΑΜΟΣ
188,37811,07/08/14,07/08/14,7523,2257,113,,1316,16848,2,0,37803,,37787,38353,,,84040400,Δ.Δ.Καστανέας,ΔΥΤΙΚΗ ΣΑΜΟΣ
189,37811,17/08/14,20/08/14,22512,6753,338,,3325,16882,2,0,37804,,37787,38354,,,84050300,Δ.Δ.Κουμαιίκων,ΔΥΤΙΚΗ ΣΑΜΟΣ
190,37811,12/08/14,13/08/14,19916,5975,299,,3157,16880,2,0,37805,,37787,38355,,,84050200,Δ.Δ.Καλλιθέας,ΔΥΤΙΚΗ ΣΑΜΟΣ
191,37811,13/08/14,17/08/14,80000,24000,1200,,14185,16870,2,0,37806,,37787,38356,,,84050100,Δ.Δ.Μαραθοκάμπου,ΔΥΤΙΚΗ ΣΑΜΟΣ
192,37811,08/08/14,11/08/14,18416,5525,276,,2037,16867,2,0,37796,,37787,38357,,,84041000,Δ.Δ.Υδρούσσης,ΔΥΤΙΚΗ ΣΑΜΟΣ
193,37811,09/08/14,10/08/14,6772,2031,102,,922,16865,2,0,37797,,37787,38358,,,84040900,Δ.Δ.Πλατάνου,ΔΥΤΙΚΗ ΣΑΜΟΣ
194,37811,07/08/14,07/08/14,10819,3246,162,,1689,16862,2,0,37798,,37787,38359,,,84040800,Δ.Δ.Λέκας,ΔΥΤΙΚΗ ΣΑΜΟΣ
195,37811,11/08/14,11/08/14,15401,4620,231,,1340,16852,2,0,37801,,37787,38360,,,84040600,Δ.Δ.Κοντακαιίκων,ΔΥΤΙΚΗ ΣΑΜΟΣ
196,37811,09/08/14,10/08/14,11758,3527,176,,1460,16850,2,0,37800,,37787,38364,,,84040500,Δ.Δ.Κονταιίκων,ΔΥΤΙΚΗ ΣΑΜΟΣ
197,37811,07/08/14,07/08/14,7601,2280,114,,1154,16859,2,0,37799,,37787,38368,,,84040700,Δ.Δ.Κοσμαδαίων,ΔΥΤΙΚΗ ΣΑΜΟΣ
198,37809,20/09/14,22/09/14,31648,9494,12,190,3644,16837,3,0,37795,,37787,38413,,,84040100,Δ.Δ.Καρλοβασίων,ΔΥΤΙΚΗ ΣΑΜΟΣ
199,37811,16/09/14,16/09/14,11970,3591,180,,1929,16845,3,0,37802,,37787,38414,,,84040300,Δ.Δ.Δρακαίων,ΔΥΤΙΚΗ ΣΑΜΟΣ
200,37809,18/09/14,18/09/14,7523,2257,3,45,1316,16848,3,0,37803,,37787,38415,,,84040400,Δ.Δ.Καστανέας,ΔΥΤΙΚΗ ΣΑΜΟΣ
201,37809,26/09/14,26/09/14,22512,6753,8,135,3325,16882,3,0,37804,,37787,38416,,,84050300,Δ.Δ.Κουμαιίκων,ΔΥΤΙΚΗ ΣΑΜΟΣ
202,37811,17/09/14,17/09/14,19916,5975,299,,3157,16880,3,0,37805,,37787,38417,,,84050200,Δ.Δ.Καλλιθέας,ΔΥΤΙΚΗ ΣΑΜΟΣ
203,37809,23/09/14,25/09/14,31648,9494,12,190,14185,16870,3,0,37806,,37787,38418,,,84050100,Δ.Δ.Μαραθοκάμπου,ΔΥΤΙΚΗ ΣΑΜΟΣ
204,37809,18/09/14,18/09/14,18416,5525,7,110,2037,16867,3,0,37795,,37787,38419,,,84041000,Δ.Δ.Υδρούσσης,ΔΥΤΙΚΗ ΣΑΜΟΣ
205,37809,22/09/14,22/09/14,6772,2031,3,41,922,16865,3,0,37797,,37787,38420,,,84040900,Δ.Δ.Πλατάνου,ΔΥΤΙΚΗ ΣΑΜΟΣ
206,37809,21/09/14,21/09/14,10819,3246,4,65,1689,16862,3,0,37801,,37787,38421,,,84040800,Δ.Δ.Λέκας,ΔΥΤΙΚΗ ΣΑΜΟΣ
207,37811,17/09/14,17/09/14,15401,4620,231,,1340,16852,3,0,37800,,37787,38422,,,84040600,Δ.Δ.Κοντακαιίκων,ΔΥΤΙΚΗ ΣΑΜΟΣ
208,37809,21/09/14,21/09/14,11758,3527,4,71,1460,16850,3,0,37799,,37787,38423,,,84040500,Δ.Δ.Κονταιίκων,ΔΥΤΙΚΗ ΣΑΜΟΣ
209,37809,20/09/14,20/09/14,7601,2280,3,46,1154,16859,3,0,37798,,37787,38424,,,84040700,Δ.Δ.Κοσμαδαίων,ΔΥΤΙΚΗ ΣΑΜΟΣ
1,21314,28/07/11,30/07/11,23307,7000,21,175,3314,16763,1,0,27568,,20820,27967,,,84010800,Δ.Δ.Παλαιοκάστρου,1ος Τομεας 1ης Εποπτειας Σαμου
2,21314,25/07/11,29/07/11,63105,19000,57,475,8174,16910,2,0,27568,,20820,27968,,,84060600,Δ.Δ.Μυτιληνιών,1ος Τομεας 1ης Εποπτειας Σαμου
3,21314,21/07/11,22/07/11,34000,10000,30,250,3255,16935,3,0,27568,,20820,27969,,,84061100,Δ.Δ.Χώρας,1ος Τομεας 1ης Εποπτειας Σαμου
4,21314,23/07/11,23/07/11,21484,6500,20,163,2878,16908,4,0,27568,,20820,27970,,,84060500,Δ.Δ.Μύλων,1ος Τομεας 1ης Εποπτειας Σαμου
5,21314,21/07/11,22/07/11,10819,3250,10,81,1689,16862,5,0,27568,,20820,28031,,,84040800,Δ.Δ.Λέκας,1ος Τομεας 1ης Εποπτειας Σαμου
6,21314,22/07/11,23/07/11,7523,2250,7,56,1316,16848,6,0,27568,,20820,28032,,,84040400,Δ.Δ.Καστανέας,1ος Τομεας 1ης Εποπτειας Σαμου
7,21314,28/07/11,30/07/11,5000,1500,5,38,1154,16859,7,0,27568,,20820,28033,,,84040700,Δ.Δ.Κοσμαδαίων,1ος Τομεας 1ης Εποπτειας Σαμου
8,21314,25/07/11,03/08/11,39012,6750,20,169,6240,16884,8,1,,,20820,28034,29908,,84050302,"Βελανιδιά,η (Δ.Δ.Κουμαιίκων)",1ος Τομεας 1ης Εποπτειας Σαμου
9,21314,25/07/11,03/08/11,25819,6500,20,163,3009,16726,9,1,,,20820,28035,29908,,84010200,Δ.Δ.Αγίου Κωνσταντίνου,1ος Τομεας 1ης Εποπτειας Σαμου
10,21278,13/09/11,15/09/11,23307,7000,350,,3314,16763,10,0,27568,,20820,28036,,,84010800,Δ.Δ.Παλαιοκάστρου,1ος Τομεας 1ης Εποπτειας Σαμου
11,21314,07/09/11,12/09/11,63105,19000,47,475,8174,16910,11,0,27568,,20820,28037,,,84060600,Δ.Δ.Μυτιληνιών,1ος Τομεας 1ης Εποπτειας Σαμου
12,21278,22/10/11,23/10/11,34000,10000,500,,3255,16935,12,0,27568,,20820,28038,,,84061100,Δ.Δ.Χώρας,1ος Τομεας 1ης Εποπτειας Σαμου
13,21314,25/08/11,26/08/11,10819,3250,10,81,1689,16862,13,0,27568,,20820,28039,,,84040800,Δ.Δ.Λέκας,1ος Τομεας 1ης Εποπτειας Σαμου
14,21314,25/08/11,26/08/11,7523,2250,7,56,1316,16848,14,0,27568,,20820,28040,,,84040400,Δ.Δ.Καστανέας,1ος Τομεας 1ης Εποπτειας Σαμου
15,21314,25/08/11,27/08/11,5000,1500,5,38,1154,16859,15,0,27568,,20820,28041,,,84040700,Δ.Δ.Κοσμαδαίων,1ος Τομεας 1ης Εποπτειας Σαμου
16,21264,05/09/11,14/09/11,39012,3000,15,60,6240,16884,16,1,,,20820,28042,29908,,84050302,"Βελανιδιά,η (Δ.Δ.Κουμαιίκων)",1ος Τομεας 1ης Εποπτειας Σαμου
17,21314,22/08/11,01/09/11,25819,6500,20,160,3009,16726,17,1,,,20820,28043,29908,,84010200,Δ.Δ.Αγίου Κωνσταντίνου,1ος Τομεας 1ης Εποπτειας Σαμου
18,21266,21/10/11,23/10/11,23307,7000,53,175,3314,16763,18,0,27568,,20820,28044,,,84010800,Δ.Δ.Παλαιοκάστρου,1ος Τομεας 1ης Εποπτειας Σαμου
19,21266,23/10/11,26/10/11,63105,17000,128,425,8174,16910,19,0,27568,,20820,28045,,,84060600,Δ.Δ.Μυτιληνιών,1ος Τομεας 1ης Εποπτειας Σαμου
20,21278,17/09/11,18/09/11,10819,3250,163,,1689,16862,20,0,27568,,20820,28046,,,84040800,Δ.Δ.Λέκας,1ος Τομεας 1ης Εποπτειας Σαμου
21,21278,16/09/11,17/09/11,7523,2250,113,,1316,16848,21,0,27568,,20820,28047,,,84040400,Δ.Δ.Καστανέας,1ος Τομεας 1ης Εποπτειας Σαμου
22,21264,14/10/11,23/10/11,39012,6500,49,163,6240,16884,22,1,,,20820,28048,29908,,84050302,"Βελανιδιά,η (Δ.Δ.Κουμαιίκων)",1ος Τομεας 1ης Εποπτειας Σαμου
23,21264,30/09/11,15/10/11,25819,6500,49,163,3009,16726,23,1,,,20820,28049,29908,,84010200,Δ.Δ.Αγίου Κωνσταντίνου,1ος Τομεας 1ης Εποπτειας Σαμου
97,21314,27/07/11,29/07/11,32000,9500,29,238,3644,16837,1,0,27568,,20821,27752,,,84040100,Δ.Δ.Καρλοβασίων,2ος Τομεας 1ης Εποπτειας Σαμου
98,21314,28/07/11,29/07/11,15401,4500,14,113,1340,16852,2,0,27568,,20821,27753,,,84040600,Δ.Δ.Κοντακαιίκων,2ος Τομεας 1ης Εποπτειας Σαμου
99,21314,29/07/11,30/07/11,18416,5500,17,138,2037,16867,3,0,27568,,20821,27754,,,84041000,Δ.Δ.Υδρούσσης,2ος Τομεας 1ης Εποπτειας Σαμου
100,21314,24/07/11,25/07/11,17879,5500,17,138,3132,16902,4,0,27568,,20821,27755,,,84060300,Δ.Δ.Μαυρατζαίων,2ος Τομεας 1ης Εποπτειας Σαμου
101,21314,25/07/11,26/07/11,12500,4250,11,94,3383,16922,5,0,27568,,20821,27756,,,84060900,Δ.Δ.Πύργου,2ος Τομεας 1ης Εποπτειας Σαμου
102,21314,24/07/11,25/07/11,11758,3500,11,88,1863,16850,6,0,27568,,20821,27782,,,84040500,Δ.Δ.Κονταιίκων,2ος Τομεας 1ης Εποπτειας Σαμου
103,21314,22/07/11,22/07/11,6772,3500,6,50,922,16865,7,0,27568,,20821,27783,,,84040900,Δ.Δ.Πλατάνου,2ος Τομεας 1ης Εποπτειας Σαμου
104,21314,28/07/11,02/08/11,17500,5250,11,88,2836,16875,8,1,,,20821,27784,,,84050105,"Κάμπος,ο (Δ.Δ.Μαραθοκάμπου)",2ος Τομεας 1ης Εποπτειας Σαμου
106,21314,01/09/11,03/09/11,32000,9500,29,238,3644,16837,10,0,27568,,20821,27786,,,84040100,Δ.Δ.Καρλοβασίων,2ος Τομεας 1ης Εποπτειας Σαμου
107,21314,31/08/11,02/09/11,15401,4500,14,113,1340,16852,11,0,27568,,20821,27787,,,84040600,Δ.Δ.Κοντακαιίκων,2ος Τομεας 1ης Εποπτειας Σαμου
108,21314,25/08/11,27/09/11,18416,5500,17,138,2037,16867,12,0,27568,,20821,27788,,,84041000,Δ.Δ.Υδρούσσης,2ος Τομεας 1ης Εποπτειας Σαμου
109,21314,19/09/11,20/09/11,17879,5500,17,138,3132,16902,13,0,27568,,20821,27829,,,84060300,Δ.Δ.Μαυρατζαίων,2ος Τομεας 1ης Εποπτειας Σαμου
110,21314,24/08/11,26/08/11,12500,4250,13,106,3383,16922,14,0,27568,,20821,27830,,,84060900,Δ.Δ.Πύργου,2ος Τομεας 1ης Εποπτειας Σαμου
111,21314,03/09/11,04/09/11,11758,3500,11,88,1863,16850,15,0,27568,,20821,27831,,,84040500,Δ.Δ.Κονταιίκων,2ος Τομεας 1ης Εποπτειας Σαμου
112,21314,24/09/11,24/09/11,6772,3500,6,50,922,16865,16,0,27568,,20821,27832,,,84040900,Δ.Δ.Πλατάνου,2ος Τομεας 1ης Εποπτειας Σαμου
113,21314,07/09/11,13/09/11,17500,5250,11,88,2836,16875,17,1,,,20821,27833,,,84050105,"Κάμπος,ο (Δ.Δ.Μαραθοκάμπου)",2ος Τομεας 1ης Εποπτειας Σαμου
115,21266,18/10/11,19/10/11,32000,9500,71,238,3644,16837,19,0,27568,,20821,27835,,,84040100,Δ.Δ.Καρλοβασίων,2ος Τομεας 1ης Εποπτειας Σαμου
116,21266,19/10/11,22/10/11,15401,4500,34,113,1340,16852,20,0,27568,,20821,27836,,,84040600,Δ.Δ.Κοντακαιίκων,2ος Τομεας 1ης Εποπτειας Σαμου
117,21266,20/10/11,20/10/11,18416,5500,41,138,2037,16867,21,0,27568,,20821,27837,,,84041000,Δ.Δ.Υδρούσσης,2ος Τομεας 1ης Εποπτειας Σαμου
118,21278,24/09/11,24/09/11,12500,3750,188,,3383,16922,22,0,27568,,20821,27838,,,84060900,Δ.Δ.Πύργου,2ος Τομεας 1ης Εποπτειας Σαμου
119,21266,18/09/11,18/09/11,6772,2000,27,88,922,16865,23,0,27568,,20821,27839,,,84040900,Δ.Δ.Πλατάνου,2ος Τομεας 1ης Εποπτειας Σαμου
120,21266,08/10/11,15/10/11,17500,5250,26,88,2836,16875,24,1,,,20821,27840,,,84050105,"Κάμπος,ο (Δ.Δ.Μαραθοκάμπου)",2ος Τομεας 1ης Εποπτειας Σαμου
122,21314,27/07/11,08/08/11,32753,3630,11,91,4300,16773,1,1,,,20822,27854,,,84020100,Δ.Δ.Αγίου Κηρύκου,3ος Τομεας 1ης Εποπτειας Σαμου
123,21314,28/07/11,06/08/11,17938,7560,23,189,2736,16794,2,1,,,20822,27855,,,84020300,Δ.Δ.Χρυσοστόμου,3ος Τομεας 1ης Εποπτειας Σαμου
124,21314,28/07/11,08/08/11,14674,6600,20,165,1802,16822,3,1,,,20822,27867,,,84030400,Δ.Δ.Καραβοστάμου,3ος Τομεας 1ης Εποπτειας Σαμου
125,21314,30/07/11,06/08/11,7338,3920,12,98,1057,16964,4,1,,,20822,27885,,,84070302,"Αμάλον,το",3ος Τομεας 1ης Εποπτειας Σαμου
126,21314,27/07/11,01/08/11,6449,1650,5,41,1117,16824,5,1,,,20822,27886,,,84030500,Δ.Δ.Μαγγανίτου,3ος Τομεας 1ης Εποπτειας Σαμου
127,21314,30/07/11,09/08/11,29922,2700,8,68,4195,16939,6,1,,,20822,27887,,,84070100,Δ.Δ.Ραχών,3ος Τομεας 1ης Εποπτειας Σαμου
128,21314,25/08/11,06/09/11,32753,3630,11,91,4300,16773,7,1,,,20822,27888,,,84020100,Δ.Δ.Αγίου Κηρύκου,3ος Τομεας 1ης Εποπτειας Σαμου
129,21314,25/08/11,03/09/11,17838,7560,23,189,2736,16794,8,1,,,20822,27889,,,84020300,Δ.Δ.Χρυσοστόμου,3ος Τομεας 1ης Εποπτειας Σαμου
130,21314,25/08/11,05/09/11,14674,6600,20,165,1802,16822,9,1,,,20822,27895,,,84030400,Δ.Δ.Καραβοστάμου,3ος Τομεας 1ης Εποπτειας Σαμου
131,21314,10/09/11,17/09/11,7338,,,,1057,16964,10,1,,,20822,27896,,,84070302,"Αμάλον,το",3ος Τομεας 1ης Εποπτειας Σαμου
132,21314,25/08/11,30/08/11,6449,1650,5,41,1117,16824,11,1,,,20822,27902,,,84030500,Δ.Δ.Μαγγανίτου,3ος Τομεας 1ης Εποπτειας Σαμου
133,21314,25/08/11,03/09/11,29922,2700,8,68,4195,16939,12,1,,,20822,27903,,,84070100,Δ.Δ.Ραχών,3ος Τομεας 1ης Εποπτειας Σαμου
134,21266,23/09/11,05/10/11,32753,3300,25,83,4300,16773,13,1,,,20822,27904,,,84020100,Δ.Δ.Αγίου Κηρύκου,3ος Τομεας 1ης Εποπτειας Σαμου
135,21266,23/09/11,05/10/11,17938,6210,47,155,2736,16794,14,1,,,20822,27920,,,84020300,Δ.Δ.Χρυσοστόμου,3ος Τομεας 1ης Εποπτειας Σαμου
136,21266,23/09/11,28/09/11,6449,1200,9,30,1117,16824,15,1,,,20822,27947,,,84030500,Δ.Δ.Μαγγανίτου,3ος Τομεας 1ης Εποπτειας Σαμου
137,21266,23/09/11,03/10/11,29922,3375,25,85,4195,16939,16,1,,,20822,27955,,,84070100,Δ.Δ.Ραχών,3ος Τομεας 1ης Εποπτειας Σαμου
42,31845,21/07/14,26/07/14,37333,11200,14,224,4435,14112,1,0,34597,,34414,36035,,,64020100,Δ.Δ.Γαλατίστης,ΓΑΛΑΤΙΣΤΑ-Μ. ΠΑΝΑΓΙΑ- ΠΥΡΓΑΔ
43,31845,21/07/14,26/07/14,40000,12000,15,240,4417,14254,1,0,34560,,34414,36049,,,64100100,Δ.Δ.Μεγάλης Παναγίας,ΓΑΛΑΤΙΣΤΑ-Μ. ΠΑΝΑΓΙΑ- ΠΥΡΓΑΔ
50,31889,18/08/14,23/08/14,33400,10020,30,200,4435,14112,2,0,34597,,34414,36070,,,64020100,Δ.Δ.Γαλατίστης,ΓΑΛΑΤΙΣΤΑ-Μ. ΠΑΝΑΓΙΑ- ΠΥΡΓΑΔ
51,31889,18/08/14,23/08/14,40000,12000,36,240,4417,14254,2,0,34560,,34414,36071,,,64100100,Δ.Δ.Μεγάλης Παναγίας,ΓΑΛΑΤΙΣΤΑ-Μ. ΠΑΝΑΓΙΑ- ΠΥΡΓΑΔ
151,31841,17/09/14,23/09/14,35000,7000,44,46,4435,14112,3,0,34597,,34414,37410,,,64020100,Δ.Δ.Γαλατίστης,ΓΑΛΑΤΙΣΤΑ-Μ. ΠΑΝΑΓΙΑ- ΠΥΡΓΑΔ
152,31841,09/09/14,13/09/14,39000,7800,49,51,4417,14254,3,0,34560,,34414,37409,,,64100100,Δ.Δ.Μεγάλης Παναγίας,ΓΑΛΑΤΙΣΤΑ-Μ. ΠΑΝΑΓΙΑ- ΠΥΡΓΑΔ
158,31853,01/10/14,06/10/14,26666,8000,265,,4435,14112,4,0,34597,,34414,37416,,,64020100,Δ.Δ.Γαλατίστης,ΓΑΛΑΤΙΣΤΑ-Μ. ΠΑΝΑΓΙΑ- ΠΥΡΓΑΔ
159,31853,01/10/14,06/10/14,40000,12000,400,,4417,14254,4,0,34560,,34414,37417,,,64100100,Δ.Δ.Μεγάλης Παναγίας,ΓΑΛΑΤΙΣΤΑ-Μ. ΠΑΝΑΓΙΑ- ΠΥΡΓΑΔ
220,31845,14/07/14,22/07/14,16000,4800,6,96,2293,14260,1,0,,,34414,40250,37440,,64100300,Δ.Δ.Πυργαδικίων,ΓΑΛΑΤΙΣΤΑ-Μ. ΠΑΝΑΓΙΑ- ΠΥΡΓΑΔ
221,31889,12/08/14,21/08/14,15666,4700,14,96,2293,14260,2,0,,,34414,40259,37440,,64100300,Δ.Δ.Πυργαδικίων,ΓΑΛΑΤΙΣΤΑ-Μ. ΠΑΝΑΓΙΑ- ΠΥΡΓΑΔ
222,31841,06/09/14,16/09/14,19200,3840,24,25,2293,14260,3,0,,,34414,40260,37440,,64100300,Δ.Δ.Πυργαδικίων,ΓΑΛΑΤΙΣΤΑ-Μ. ΠΑΝΑΓΙΑ- ΠΥΡΓΑΔ
223,31853,26/09/14,04/10/14,16000,4800,160,,2293,14260,4,0,,,34414,40261,37440,,64100300,Δ.Δ.Πυργαδικίων,ΓΑΛΑΤΙΣΤΑ-Μ. ΠΑΝΑΓΙΑ- ΠΥΡΓΑΔ
44,31845,25/07/14,28/07/14,11333,3400,4,68,1511,14309,1,0,34560,,34415,36066,,,64120300,Δ.Δ.Νέων Ρόδων,ΓΟΜΑΤΙ-ΙΕΡΙΣΣΟΣ-ΝΕΑ ΡΟΔΑ
45,31845,21/07/14,25/07/14,24000,7200,9,144,3700,14256,1,0,34597,,34415,36064,,,64100200,Δ.Δ.Γοματίου,ΓΟΜΑΤΙ-ΙΕΡΙΣΣΟΣ-ΝΕΑ ΡΟΔΑ
46,31845,21/07/14,24/07/14,10000,3000,4,60,1386,14298,1,0,34560,,34415,36065,,,64120100,Δ.Δ.Ιερισσού,ΓΟΜΑΤΙ-ΙΕΡΙΣΣΟΣ-ΝΕΑ ΡΟΔΑ
47,31845,09/08/14,14/08/14,24000,7200,9,144,3700,14256,2,0,34597,,34415,36067,,,64100200,Δ.Δ.Γοματίου,ΓΟΜΑΤΙ-ΙΕΡΙΣΣΟΣ-ΝΕΑ ΡΟΔΑ
48,31889,11/08/14,14/08/14,10000,3000,9,60,1386,14298,2,0,34560,,34415,36068,,,64120100,Δ.Δ.Ιερισσού,ΓΟΜΑΤΙ-ΙΕΡΙΣΣΟΣ-ΝΕΑ ΡΟΔΑ
49,31889,16/08/14,20/08/14,11333,3400,10,68,1511,14309,2,0,34560,,34415,36069,,,64120300,Δ.Δ.Νέων Ρόδων,ΓΟΜΑΤΙ-ΙΕΡΙΣΣΟΣ-ΝΕΑ ΡΟΔΑ
153,31841,17/09/14,22/09/14,36000,7200,45,45,3700,14256,3,0,34597,,34415,37411,,,64100200,Δ.Δ.Γοματίου,ΓΟΜΑΤΙ-ΙΕΡΙΣΣΟΣ-ΝΕΑ ΡΟΔΑ
154,31841,01/09/14,05/09/14,13500,2700,17,110,1386,14298,3,0,34560,,34415,37412,,,64120100,Δ.Δ.Ιερισσού,ΓΟΜΑΤΙ-ΙΕΡΙΣΣΟΣ-ΝΕΑ ΡΟΔΑ
155,31841,06/09/14,11/09/14,16000,3200,20,130,1511,14309,3,0,34560,,34415,37413,,,64120300,Δ.Δ.Νέων Ρόδων,ΓΟΜΑΤΙ-ΙΕΡΙΣΣΟΣ-ΝΕΑ ΡΟΔΑ
156,31853,25/09/14,30/09/14,10000,3000,100,,1386,14298,4,0,34560,,34415,37414,,,64120100,Δ.Δ.Ιερισσού,ΓΟΜΑΤΙ-ΙΕΡΙΣΣΟΣ-ΝΕΑ ΡΟΔΑ
157,31853,01/10/14,04/10/14,11333,3400,113,,1511,14309,4,0,34560,,34415,37415,,,64120300,Δ.Δ.Νέων Ρόδων,ΓΟΜΑΤΙ-ΙΕΡΙΣΣΟΣ-ΝΕΑ ΡΟΔΑ
160,31853,01/10/14,06/10/14,24000,7200,240,,3700,14256,4,0,34597,,34415,37418,,,64100200,Δ.Δ.Γοματίου,ΓΟΜΑΤΙ-ΙΕΡΙΣΣΟΣ-ΝΕΑ ΡΟΔΑ
52,31845,12/07/14,16/07/14,10666,3200,4,64,3200,14237,1,0,34559,,34416,36087,,,64090200,Δ.Δ.Αγίας Παρασκευής,ΑΓ. ΠΑΡΑΣΚΕΥΗ -ΝΙΚΗΤΗ
53,31889,11/07/14,19/07/14,44433,13330,40,272,6855,14265,1,0,34560,,34416,36088,,,64110100,Δ.Δ.Νικήτης (Νικήτα),ΑΓ. ΠΑΡΑΣΚΕΥΗ -ΝΙΚΗΤΗ
54,31889,11/07/14,19/07/14,44433,13330,40,272,6855,14266,1,0,34558,,34416,36089,,,64110101,"Νικήτη,η (τ.Νικήτας,ο)",ΑΓ. ΠΑΡΑΣΚΕΥΗ -ΝΙΚΗΤΗ
55,31889,12/08/14,20/08/14,44433,13330,40,272,6855,14265,2,0,34560,,34416,36098,,,64110100,Δ.Δ.Νικήτης (Νικήτα),ΑΓ. ΠΑΡΑΣΚΕΥΗ -ΝΙΚΗΤΗ
56,31889,11/08/14,19/08/14,44433,13330,40,272,6855,14266,2,0,34558,,34416,36099,,,64110101,"Νικήτη,η (τ.Νικήτας,ο)",ΑΓ. ΠΑΡΑΣΚΕΥΗ -ΝΙΚΗΤΗ
57,31889,09/08/14,13/08/14,10667,3200,10,64,3200,14237,2,0,34559,,34416,36100,,,64090200,Δ.Δ.Αγίας Παρασκευής,ΑΓ. ΠΑΡΑΣΚΕΥΗ -ΝΙΚΗΤΗ
139,31841,13/09/14,20/09/14,56000,11200,70,73,6855,14265,3,0,34560,,34416,37421,,,64110100,Δ.Δ.Νικήτης (Νικήτα),ΑΓ. ΠΑΡΑΣΚΕΥΗ -ΝΙΚΗΤΗ
140,31841,13/09/14,20/09/14,56000,11200,70,73,6855,14266,3,0,34558,,34416,37422,,,64110101,"Νικήτη,η (τ.Νικήτας,ο)",ΑΓ. ΠΑΡΑΣΚΕΥΗ -ΝΙΚΗΤΗ
141,31853,27/09/14,30/09/14,11000,3300,110,,3200,14237,4,0,34559,,34416,37423,,,64090200,Δ.Δ.Αγίας Παρασκευής,ΑΓ. ΠΑΡΑΣΚΕΥΗ -ΝΙΚΗΤΗ
142,31853,04/10/14,11/10/14,45000,13500,450,,6855,14266,4,0,34558,,34416,37424,,,64110101,"Νικήτη,η (τ.Νικήτας,ο)",ΑΓ. ΠΑΡΑΣΚΕΥΗ -ΝΙΚΗΤΗ
143,31853,29/09/14,13/10/14,45000,13500,450,,6855,14265,4,0,34560,,34416,37425,,,64110100,Δ.Δ.Νικήτης (Νικήτα),ΑΓ. ΠΑΡΑΣΚΕΥΗ -ΝΙΚΗΤΗ
217,37813,02/09/14,05/09/14,16000,3200,20,130,3200,14237,3,0,34559,,34416,38779,,,64090200,Δ.Δ.Αγίας Παρασκευής,ΑΓ. ΠΑΡΑΣΚΕΥΗ -ΝΙΚΗΤΗ
58,31893,11/07/14,17/07/14,40000,12000,4,240,6202,14326,1,0,34559,,34417,36102,,,64130100,Δ.Δ.Συκέας,ΝΕΟΣ ΜΑΡΜΑΡΑΣ- ΣΥΚΙΑ -ΣΑΡΤΗ
59,31845,12/07/14,15/07/14,10000,3000,4,60,1012,14336,1,0,34559,,34417,36103,,,64130200,Δ.Δ.Σάρτης,ΝΕΟΣ ΜΑΡΜΑΡΑΣ- ΣΥΚΙΑ -ΣΑΡΤΗ
60,31893,11/07/14,18/07/14,58333,17500,6,350,9176,14287,1,0,34559,,34417,36104,,,64110400,Δ.Δ.Νέου Μαρμαρά,ΝΕΟΣ ΜΑΡΜΑΡΑΣ- ΣΥΚΙΑ -ΣΑΡΤΗ
61,31889,08/08/14,14/08/14,40000,12000,36,240,6202,14326,2,0,34559,,34417,36105,,,64130100,Δ.Δ.Συκέας,ΝΕΟΣ ΜΑΡΜΑΡΑΣ- ΣΥΚΙΑ -ΣΑΡΤΗ
62,31889,11/08/14,13/08/14,10000,3000,9,60,1012,14336,2,0,34559,,34417,36106,,,64130200,Δ.Δ.Σάρτης,ΝΕΟΣ ΜΑΡΜΑΡΑΣ- ΣΥΚΙΑ -ΣΑΡΤΗ
138,31841,02/09/14,05/09/14,10000,2000,13,81,1012,14336,3,0,34559,,34417,37420,,,64130200,Δ.Δ.Σάρτης,ΝΕΟΣ ΜΑΡΜΑΡΑΣ- ΣΥΚΙΑ -ΣΑΡΤΗ
144,31853,30/09/14,01/10/14,10000,3000,100,,1012,14336,4,0,34559,,34417,37426,,,64130200,Δ.Δ.Σάρτης,ΝΕΟΣ ΜΑΡΜΑΡΑΣ- ΣΥΚΙΑ -ΣΑΡΤΗ
145,31853,27/09/14,02/10/14,40000,12000,400,,6202,14326,4,0,34559,,34417,37427,,,64130100,Δ.Δ.Συκέας,ΝΕΟΣ ΜΑΡΜΑΡΑΣ- ΣΥΚΙΑ -ΣΑΡΤΗ
146,31853,27/09/14,03/10/14,58333,17500,580,,9176,14287,4,0,34559,,34417,37428,,,64110400,Δ.Δ.Νέου Μαρμαρά,ΝΕΟΣ ΜΑΡΜΑΡΑΣ- ΣΥΚΙΑ -ΣΑΡΤΗ
218,37813,30/08/14,06/09/14,70000,14000,88,569,9176,14287,3,0,34559,,34417,38787,,,64110400,Δ.Δ.Νέου Μαρμαρά,ΝΕΟΣ ΜΑΡΜΑΡΑΣ- ΣΥΚΙΑ -ΣΑΡΤΗ
219,37813,30/08/14,05/09/14,48000,9600,60,62,6202,14326,3,0,34559,,34417,38788,,,64130100,Δ.Δ.Συκέας,ΝΕΟΣ ΜΑΡΜΑΡΑΣ- ΣΥΚΙΑ -ΣΑΡΤΗ
224,37810,08/08/14,14/08/14,58334,17500,53,350,9176,14287,2,0,34559,,34417,40393,,,64110400,Δ.Δ.Νέου Μαρμαρά,ΝΕΟΣ ΜΑΡΜΑΡΑΣ- ΣΥΚΙΑ -ΣΑΡΤΗ
225,FASTAC,14/07/09,21/07/09,60000,14700,14,336,10000,14268,,,,,901,9001,,,64110200,Δ.Δ.Αγίου Νικολάου,ΑΓ. ΝΙΚΟΛΑΟΣ
226,LEBAYCID,06/08/09,14/08/09,60000,16800,92,384,10000,14268,,,,,901,9002,,,64110200,Δ.Δ.Αγίου Νικολάου,ΑΓ. ΝΙΚΟΛΑΟΣ
227,LEBAYCID,22/08/09,31/08/09,60000,16800,92,384,10000,14268,,,,,901,9003,,,64110200,Δ.Δ.Αγίου Νικολάου,ΑΓ. ΝΙΚΟΛΑΟΣ
228,DIMETHOATE,09/09/09,19/09/09,60000,16800,83,384,10000,14268,,,,,901,9004,,,64110200,Δ.Δ.Αγίου Νικολάου,ΑΓ. ΝΙΚΟΛΑΟΣ
229,DIMETHOATE,26/09/09,05/10/09,60000,16800,116,384,10000,14268,,,,,901,9005,,,64110200,Δ.Δ.Αγίου Νικολάου,ΑΓ. ΝΙΚΟΛΑΟΣ
230,FASTAC,16/07/09,24/07/09,,7000,21,140,,14231,,,,,902,9006,,,64080200,Δ.Δ.Μεταμορφώσεως,ΜΕΤΑΜΟΡΦΩΣΗ
231,LEBAYCID,21/08/09,29/08/09,,7000,42,140,,14231,,,,,902,9007,,,64080200,Δ.Δ.Μεταμορφώσεως,ΜΕΤΑΜΟΡΦΩΣΗ
232,DIMETHOATE,11/09/09,19/09/09,,7000,53,140,,14231,,,,,902,9008,,,64080200,Δ.Δ.Μεταμορφώσεως,ΜΕΤΑΜΟΡΦΩΣΗ
233,SUCCESS,25/09/09,03/10/09,,7000,210,0,,14231,,,,,902,9009,,,64080200,Δ.Δ.Μεταμορφώσεως,ΜΕΤΑΜΟΡΦΩΣΗ
234,FASTAC,15/07/09,24/07/09,,12900,41,268,,14287,,,,,903,9010,,,64110400,Δ.Δ.Νέου Μαρμαρά,ΜΑΡΜΑΡΑΣ
235,LEBAYCID,11/08/09,21/08/09,,12900,81,268,,14287,,,,,903,9011,,,64110400,Δ.Δ.Νέου Μαρμαρά,ΜΑΡΜΑΡΑΣ
236,LEBAYCID,25/08/09,26/08/09,,12900,81,268,,14287,,,,,903,9012,,,64110400,Δ.Δ.Νέου Μαρμαρά,ΜΑΡΜΑΡΑΣ
237,DIMETHOATE,04/09/09,22/09/09,,12900,96,268,,14287,,,,,903,9013,,,64110400,Δ.Δ.Νέου Μαρμαρά,ΜΑΡΜΑΡΑΣ
238,SUCCESS,28/09/09,12/10/09,,12900,405,268,,14287,,,,,903,9014,,,64110400,Δ.Δ.Νέου Μαρμαρά,ΜΑΡΜΑΡΑΣ
239,ΔΕΝ ΥΠΑΡΧΟ,,,,,,,,14254,,,,,904,9015,,,64100100,Δ.Δ.Μεγάλης Παναγίας,ΑΡΝΑΙΑ (ΜΕΓΑΛΗ ΠΑΝΑΓΙΑ)
240,FASTAC,17/07/09,26/07/09,,,,,,14112,,,,,905,9016,,,64020100,Δ.Δ.Γαλατίστης,ΓΑΛΑΤΙΣΤΑ
241,LEBAYCID,17/08/09,26/08/09,,,,,,14112,,,,,905,9017,,,64020100,Δ.Δ.Γαλατίστης,ΓΑΛΑΤΙΣΤΑ
242,DIMETHOATE,20/09/09,29/09/09,,,,,,14112,,,,,905,9018,,,64020100,Δ.Δ.Γαλατίστης,ΓΑΛΑΤΙΣΤΑ
243,SUCCESS,05/10/09,14/10/09,,,,,,14112,,,,,905,9019,,,64020100,Δ.Δ.Γαλατίστης,ΓΑΛΑΤΙΣΤΑ
244,FASTAC,13/07/09,20/07/09,,,,,,14256,,,,,906,9020,,,64100200,Δ.Δ.Γοματίου,ΑΡΝΑΙΑ (ΓΟΜΑΤΙ - ΠΥΡΓΑΔΙΚΙΑ)
245,LEBAYCID,08/08/09,15/08/09,,,,,,14256,,,,,906,9021,,,64100200,Δ.Δ.Γοματίου,ΑΡΝΑΙΑ (ΓΟΜΑΤΙ - ΠΥΡΓΑΔΙΚΙΑ)
246,LEBAYCID,28/08/09,04/09/09,,,,,,14256,,,,,906,9022,,,64100200,Δ.Δ.Γοματίου,ΑΡΝΑΙΑ (ΓΟΜΑΤΙ - ΠΥΡΓΑΔΙΚΙΑ)
247,DIMETHOATE,18/09/09,25/09/09,,,,,,14256,,,,,906,9023,,,64100200,Δ.Δ.Γοματίου,ΑΡΝΑΙΑ (ΓΟΜΑΤΙ - ΠΥΡΓΑΔΙΚΙΑ)
248,FASTAC,13/07/09,21/07/09,,,,,,14260,,,,,906,9024,,,64100300,Δ.Δ.Πυργαδικίων,ΑΡΝΑΙΑ (ΓΟΜΑΤΙ - ΠΥΡΓΑΔΙΚΙΑ)
249,LEBAYCID,08/08/09,16/08/09,,,,,,14260,,,,,906,9025,,,64100300,Δ.Δ.Πυργαδικίων,ΑΡΝΑΙΑ (ΓΟΜΑΤΙ - ΠΥΡΓΑΔΙΚΙΑ)
250,LEBAYCID,28/08/09,05/09/09,,,,,,14260,,,,,906,9026,,,64100300,Δ.Δ.Πυργαδικίων,ΑΡΝΑΙΑ (ΓΟΜΑΤΙ - ΠΥΡΓΑΔΙΚΙΑ)
251,DIMETHOATE,18/09/09,26/09/09,,,,,,14260,,,,,906,9027,,,64100300,Δ.Δ.Πυργαδικίων,ΑΡΝΑΙΑ (ΓΟΜΑΤΙ - ΠΥΡΓΑΔΙΚΙΑ)
252,FASTAC,15/07/09,23/07/09,23000,4000,12,112,10000,14298,,,,,907,9028,,,64120100,Δ.Δ.Ιερισσού,ΙΕΡΙΣΣΟΣ
253,FASTAC,15/07/09,23/07/09,34000,6000,20,140,10000,14309,,,,,907,9029,,,64120300,Δ.Δ.Νέων Ρόδων,ΙΕΡΙΣΣΟΣ
254,FASTAC,21/07/09,29/07/09,36000,7000,20,140,10000,14315,,,,,907,9030,,,64120500,Δ.Δ.Ουρανοπόλεως,ΙΕΡΙΣΣΟΣ
255,LEBAYCID,11/08/09,21/08/09,23000,4500,27,112,10000,14298,,,,,907,9031,,,64120100,Δ.Δ.Ιερισσού,ΙΕΡΙΣΣΟΣ
256,LEBAYCID,11/08/09,22/08/09,34000,6000,40,140,10000,14309,,,,,907,9032,,,64120300,Δ.Δ.Νέων Ρόδων,ΙΕΡΙΣΣΟΣ
257,LEBAYCID,11/08/09,22/08/09,36000,7000,40,140,10000,14315,,,,,907,9033,,,64120500,Δ.Δ.Ουρανοπόλεως,ΙΕΡΙΣΣΟΣ
258,DIMETHOATE,01/09/09,10/09/09,23000,4500,36,112,10000,14298,,,,,907,9034,,,64120100,Δ.Δ.Ιερισσού,ΙΕΡΙΣΣΟΣ
259,DIMETHOATE,04/09/09,15/09/09,34000,6000,50,140,10000,14309,,,,,907,9035,,,64120300,Δ.Δ.Νέων Ρόδων,ΙΕΡΙΣΣΟΣ
260,DIMETHOATE,04/09/09,15/09/09,36000,7000,50,140,10000,14315,,,,,907,9036,,,64120500,Δ.Δ.Ουρανοπόλεως,ΙΕΡΙΣΣΟΣ
261,DIMETHOATE,24/09/09,03/10/09,23000,4500,,112,10000,14298,,,,,907,9037,,,64120100,Δ.Δ.Ιερισσού,ΙΕΡΙΣΣΟΣ
262,DIMETHOATE,24/09/09,04/10/09,34000,6000,,140,10000,14309,,,,,907,9038,,,64120300,Δ.Δ.Νέων Ρόδων,ΙΕΡΙΣΣΟΣ
263,DIMETHOATE,24/09/09,04/10/09,36000,7000,,140,10000,14315,,,,,907,9039,,,64120500,Δ.Δ.Ουρανοπόλεως,ΙΕΡΙΣΣΟΣ
264,FASTAC,16/07/09,26/07/09,,2000,6,40,,14265,,,,,908,9040,,,64110100,Δ.Δ.Νικήτης (Νικήτα),ΝΙΚΗΤΗ (Α & Δ ΣΥΝΕΡΓΕΙΑ)
265,LEBAYCID,10/08/09,22/08/09,,2000,12,40,,14265,,,,,908,9041,,,64110100,Δ.Δ.Νικήτης (Νικήτα),ΝΙΚΗΤΗ (Α & Δ ΣΥΝΕΡΓΕΙΑ)
266,DIMETHOATE,01/09/09,11/09/09,,2000,15,40,,14265,,,,,908,9042,,,64110100,Δ.Δ.Νικήτης (Νικήτα),ΝΙΚΗΤΗ (Α & Δ ΣΥΝΕΡΓΕΙΑ)
267,DIMETHOATE,24/09/09,05/10/09,,2000,15,40,,14265,,,,,908,9043,,,64110100,Δ.Δ.Νικήτης (Νικήτα),ΝΙΚΗΤΗ (Α & Δ ΣΥΝΕΡΓΕΙΑ)
268,FASTAC,16/07/09,25/07/09,,2000,6,40,,14265,,,,,909,9044,,,64110100,Δ.Δ.Νικήτης (Νικήτα),ΝΙΚΗΤΗ (Β & Γ ΣΥΝΕΡΓΕΙΑ)
269,LEBAYCID,17/08/09,26/08/09,,2000,12,40,,14265,,,,,909,9045,,,64110100,Δ.Δ.Νικήτης (Νικήτα),ΝΙΚΗΤΗ (Β & Γ ΣΥΝΕΡΓΕΙΑ)
270,DIMETHOATE,04/09/09,14/09/09,,2000,15,40,,14265,,,,,909,9046,,,64110100,Δ.Δ.Νικήτης (Νικήτα),ΝΙΚΗΤΗ (Β & Γ ΣΥΝΕΡΓΕΙΑ)
271,DIMETHOATE,25/09/09,05/10/09,,2000,15,40,,14265,,,,,909,9047,,,64110100,Δ.Δ.Νικήτης (Νικήτα),ΝΙΚΗΤΗ (Β & Γ ΣΥΝΕΡΓΕΙΑ)
272,FASTAC,14/07/09,24/07/09,,,,,,14326,,,,,910,9048,,,64130100,Δ.Δ.Συκέας,ΤΟΡΩΝΗ
273,LEBAYCID,11/08/09,21/08/09,,,,,,14326,,,,,910,9049,,,64130100,Δ.Δ.Συκέας,ΤΟΡΩΝΗ
274,DIMETHOATE,03/09/09,12/09/09,,,,,,14326,,,,,910,9050,,,64130100,Δ.Δ.Συκέας,ΤΟΡΩΝΗ
275,DIMETHOATE,01/10/09,12/10/09,,,,,,14326,,,,,910,9051,,,64130100,Δ.Δ.Συκέας,ΤΟΡΩΝΗ
276,FASTAC,13/07/09,23/07/09,,,,,,14331,,,,,910,9052,,,64130105,Πόρτο Κουφό,ΤΟΡΩΝΗ
277,LEBAYCID,11/08/09,21/08/09,,,,,,14331,,,,,910,9053,,,64130105,Πόρτο Κουφό,ΤΟΡΩΝΗ
278,DIMETHOATE,03/09/09,12/09/09,,,,,,14331,,,,,910,9054,,,64130105,Πόρτο Κουφό,ΤΟΡΩΝΗ
279,DIMETHOATE,22/09/09,25/09/09,,,,,,14331,,,,,910,9055,,,64130105,Πόρτο Κουφό,ΤΟΡΩΝΗ
280,DIMETHOATE,05/10/09,14/10/09,,,,,,14331,,,,,910,9056,,,64130105,Πόρτο Κουφό,ΤΟΡΩΝΗ
281,FASTAC,14/07/09,21/07/09,,,,,,14336,,,,,910,9057,,,64130200,Δ.Δ.Σάρτης,ΤΟΡΩΝΗ
282,LEBAYCID,11/08/09,19/08/09,,,,,,14336,,,,,910,9058,,,64130200,Δ.Δ.Σάρτης,ΤΟΡΩΝΗ
283,DIMETHOATE,03/09/09,10/09/09,,,,,,14336,,,,,910,9059,,,64130200,Δ.Δ.Σάρτης,ΤΟΡΩΝΗ
284,DIMETHOATE,01/10/09,08/10/09,,,,,,14336,,,,,910,9060,,,64130200,Δ.Δ.Σάρτης,ΤΟΡΩΝΗ
285,FASTAC,23/07/10,31/07/10,41000,6400,48,320,10000,14268,,,,,1001,10001,,,64110200,Δ.Δ.Αγίου Νικολάου,ΑΓ. ΝΙΚΟΛΑΟΣ
286,LEBAYCID,16/08/10,23/08/10,41000,14000,105,320,10000,14268,,,,,1001,10002,,,64110200,Δ.Δ.Αγίου Νικολάου,ΑΓ. ΝΙΚΟΛΑΟΣ
287,SUCCESS,02/09/10,09/09/10,41000,14000,497,0,10000,14268,,,,,1001,10003,,,64110200,Δ.Δ.Αγίου Νικολάου,ΑΓ. ΝΙΚΟΛΑΟΣ
288,DIMETHOATE,22/09/10,29/09/10,41000,14000,105,280,10000,14268,,,,,1001,10004,,,64110200,Δ.Δ.Αγίου Νικολάου,ΑΓ. ΝΙΚΟΛΑΟΣ
289,DIMETHOATE,05/10/10,11/10/10,41000,14000,105,280,10000,14268,,,,,1001,10005,,,64110200,Δ.Δ.Αγίου Νικολάου,ΑΓ. ΝΙΚΟΛΑΟΣ
290,FASTAC,23/07/10,06/08/10,,,,,,14112,,,,,1002,10006,,,64020100,Δ.Δ.Γαλατίστης,ΓΑΛΑΤΙΣΤΑ
291,FASTAC,16/09/10,24/09/10,,,,,,14112,,,,,1002,10007,,,64020100,Δ.Δ.Γαλατίστης,ΓΑΛΑΤΙΣΤΑ
292,SUCCESS,28/09/10,11/10/10,,,,,,14112,,,,,1002,10008,,,64020100,Δ.Δ.Γαλατίστης,ΓΑΛΑΤΙΣΤΑ
293,FASTAC,02/08/10,09/08/10,,5600,17,112,,14256,,,,,1003,10009,,,64100200,Δ.Δ.Γοματίου,ΙΕΡΙΣΣΟΣ
294,FASTAC,23/08/10,31/08/10,,5600,17,112,,14256,,,,,1003,10010,,,64100200,Δ.Δ.Γοματίου,ΙΕΡΙΣΣΟΣ
295,SUCCESS,07/09/10,08/09/10,,1600,64,,,14256,,,,,1003,10011,,,64100200,Δ.Δ.Γοματίου,ΙΕΡΙΣΣΟΣ
296,DIMETHOATE,13/09/10,21/09/10,,6400,48,128,,14256,,,,,1003,10012,,,64100200,Δ.Δ.Γοματίου,ΙΕΡΙΣΣΟΣ
297,DIMETHOATE,27/09/10,27/09/10,,800,6,16,,14256,,,,,1003,10013,,,64100200,Δ.Δ.Γοματίου,ΙΕΡΙΣΣΟΣ
298,FASTAC,09/08/10,17/08/10,,5600,17,112,,14315,,,,,1003,10014,,,64120500,Δ.Δ.Ουρανοπόλεως,ΙΕΡΙΣΣΟΣ
299,FASTAC,07/08/10,16/08/10,,4000,12,80,,14298,,,,,1003,10015,,,64120100,Δ.Δ.Ιερισσού,ΙΕΡΙΣΣΟΣ
300,FASTAC,03/09/10,14/09/10,,4150,13,83,,14298,,,,,1003,10016,,,64120100,Δ.Δ.Ιερισσού,ΙΕΡΙΣΣΟΣ
301,DIMETHOATE,18/09/10,27/09/10,,4110,31,78,,14298,,,,,1003,10017,,,64120100,Δ.Δ.Ιερισσού,ΙΕΡΙΣΣΟΣ
302,FASTAC,22/07/10,30/07/10,36000,14000,42,280,,14254,,,,,1004,10018,,,64100100,Δ.Δ.Μεγάλης Παναγίας,ΑΡΝΑΙΑ
303,FASTAC,22/07/10,30/07/10,14000,7000,21,140,,14260,,,,,1004,10019,,,64100300,Δ.Δ.Πυργαδικίων,ΑΡΝΑΙΑ
304,FASTAC,23/08/10,30/08/10,36000,14000,42,280,,14254,,,,,1004,10020,,,64100100,Δ.Δ.Μεγάλης Παναγίας,ΑΡΝΑΙΑ
305,FASTAC,23/08/10,30/08/10,14000,7000,21,140,,14260,,,,,1004,10021,,,64100300,Δ.Δ.Πυργαδικίων,ΑΡΝΑΙΑ
306,SUCCESS,14/09/10,21/09/10,36000,14000,490,,,14254,,,,,1004,10022,,,64100100,Δ.Δ.Μεγάλης Παναγίας,ΑΡΝΑΙΑ
307,DIMETHOATE,15/09/10,22/09/10,14000,7000,53,140,,14260,,,,,1004,10023,,,64100300,Δ.Δ.Πυργαδικίων,ΑΡΝΑΙΑ
308,DIMETHOATE,05/10/10,14/10/10,36000,14000,105,140,,14254,,,,,1004,10024,,,64100100,Δ.Δ.Μεγάλης Παναγίας,ΑΡΝΑΙΑ
309,SUCCESS,06/10/10,13/10/10,14000,7000,245,,,14260,,,,,1004,10025,,,64100300,Δ.Δ.Πυργαδικίων,ΑΡΝΑΙΑ
310,FASTAC,22/07/10,30/07/10,,14500,44,290,,14231,,,,,1005,10026,,,64080200,Δ.Δ.Μεταμορφώσεως,ΜΕΤΑΜΟΡΦΩΣΗ
311,FASTAC,14/09/10,22/09/10,,15000,45,300,,14231,,,,,1005,10027,,,64080200,Δ.Δ.Μεταμορφώσεως,ΜΕΤΑΜΟΡΦΩΣΗ
312,SUCCESS,05/10/10,12/10/10,,10000,350,,,14231,,,,,1005,10028,,,64080200,Δ.Δ.Μεταμορφώσεως,ΜΕΤΑΜΟΡΦΩΣΗ
313,FASTAC,26/07/10,03/08/10,,5600,8,112,,14287,,,,,1006,10029,,,64110400,Δ.Δ.Νέου Μαρμαρά,ΜΑΡΜΑΡΑΣ
314,FASTAC,19/08/10,26/08/10,,5600,8,112,,14287,,,,,1006,10030,,,64110400,Δ.Δ.Νέου Μαρμαρά,ΜΑΡΜΑΡΑΣ
315,SUCCESS,09/09/10,16/09/10,,5600,228,,,14287,,,,,1006,10031,,,64110400,Δ.Δ.Νέου Μαρμαρά,ΜΑΡΜΑΡΑΣ
316,DIMETHOATE,01/10/10,11/10/10,,5600,42,112,,14287,,,,,1006,10032,,,64110400,Δ.Δ.Νέου Μαρμαρά,ΜΑΡΜΑΡΑΣ
317,FASTAC,28/07/10,06/08/10,,32000,96,640,,14265,,,,,1007,10033,,,64110100,Δ.Δ.Νικήτης (Νικήτα),ΝΙΚΗΤΗ
318,FASTAC,20/08/10,28/08/10,,32000,96,640,,14265,,,,,1007,10034,,,64110100,Δ.Δ.Νικήτης (Νικήτα),ΝΙΚΗΤΗ
319,SUCCESS,10/09/10,20/09/10,,32000,1120,,,14265,,,,,1007,10035,,,64110100,Δ.Δ.Νικήτης (Νικήτα),ΝΙΚΗΤΗ
320,DIMETHOATE,02/10/10,13/10/10,,32000,224,640,,14265,,,,,1007,10036,,,64110100,Δ.Δ.Νικήτης (Νικήτα),ΝΙΚΗΤΗ
321,FASTAC,23/07/10,29/07/10,,11550,35,223,,14326,,,,,1008,10037,,,64130100,Δ.Δ.Συκέας,ΤΟΡΩΝΗ
322,FASTAC,18/08/10,26/08/10,,13200,40,254,,14326,,,,,1008,10038,,,64130100,Δ.Δ.Συκέας,ΤΟΡΩΝΗ
323,SUCCESS,13/09/10,21/09/10,,13200,528,0,,14326,,,,,1008,10039,,,64130100,Δ.Δ.Συκέας,ΤΟΡΩΝΗ
324,DIMETHOATE,08/10/10,12/10/10,,8250,62,159,,14326,,,,,1008,10040,,,64130100,Δ.Δ.Συκέας,ΤΟΡΩΝΗ
325,FASTAC,23/07/10,29/07/10,,4550,14,91,,14331,,,,,1008,10041,,,64130105,Πόρτο Κουφό,ΤΟΡΩΝΗ
326,FASTAC,18/08/10,24/08/10,,3900,12,78,,14331,,,,,1008,10042,,,64130105,Πόρτο Κουφό,ΤΟΡΩΝΗ
327,SUCCESS,15/09/10,21/09/10,,4550,182,,,14331,,,,,1008,10043,,,64130105,Πόρτο Κουφό,ΤΟΡΩΝΗ
328,DIMETHOATE,06/10/10,11/10/10,,3900,29,78,,14331,,,,,1008,10044,,,64130105,Πόρτο Κουφό,ΤΟΡΩΝΗ
329,FASTAC,23/07/10,28/07/10,,5250,16,102,,14336,,,,,1008,10045,,,64130200,Δ.Δ.Σάρτης,ΤΟΡΩΝΗ
330,FASTAC,18/08/10,23/08/10,,5250,16,102,,14336,,,,,1008,10046,,,64130200,Δ.Δ.Σάρτης,ΤΟΡΩΝΗ
331,SUCCESS,09/09/10,14/09/10,,4500,180,0,,14336,,,,,1008,10047,,,64130200,Δ.Δ.Σάρτης,ΤΟΡΩΝΗ
332,DIMETHOATE,27/09/10,03/10/10,,5250,39,102,,14336,,,,,1008,10048,,,64130200,Δ.Δ.Σάρτης,ΤΟΡΩΝΗ
333,SUCCESS,19/07/11,27/07/11,32000,9600,320,,6650,14112,,,,,1101,11001,,,64020100,Δ.Δ.Γαλατίστης,ΓΑΛΑΤΙΣΤΑ - ΜΕΓ. ΠΑΝΑΓΙΑ
334,FASTAC,20/07/11,27/07/11,42650,12800,40,224,6850,14254,,,,,1101,11002,,,64100100,Δ.Δ.Μεγάλης Παναγίας,ΓΑΛΑΤΙΣΤΑ - ΜΕΓ. ΠΑΝΑΓΙΑ
335,FASTAC,16/08/11,27/08/11,32000,9200,28,160,6650,14112,,,,,1101,11003,,,64020100,Δ.Δ.Γαλατίστης,ΓΑΛΑΤΙΣΤΑ - ΜΕΓ. ΠΑΝΑΓΙΑ
336,FASTAC,23/08/11,31/08/11,41850,8800,28,154,6850,14254,,,,,1101,11004,,,64100100,Δ.Δ.Μεγάλης Παναγίας,ΓΑΛΑΤΙΣΤΑ - ΜΕΓ. ΠΑΝΑΓΙΑ
337,SUCCESS,23/08/11,27/08/11,41850,3750,125,,6850,14254,,,,,1101,11005,,,64100100,Δ.Δ.Μεγάλης Παναγίας,ΓΑΛΑΤΙΣΤΑ - ΜΕΓ. ΠΑΝΑΓΙΑ
338,DIMETHOATE,07/09/11,14/09/11,32000,5950,45,100,6650,14112,,,,,1101,11006,,,64020100,Δ.Δ.Γαλατίστης,ΓΑΛΑΤΙΣΤΑ - ΜΕΓ. ΠΑΝΑΓΙΑ
339,DIMETHOATE,15/09/11,26/09/11,42650,12800,56,224,6850,14254,,,,,1101,11007,,,64100100,Δ.Δ.Μεγάλης Παναγίας,ΓΑΛΑΤΙΣΤΑ - ΜΕΓ. ΠΑΝΑΓΙΑ
340,DIMETHOATE,11/10/11,14/10/11,42650,8000,60,140,6850,14254,,,,,1101,11008,,,64100100,Δ.Δ.Μεγάλης Παναγίας,ΓΑΛΑΤΙΣΤΑ - ΜΕΓ. ΠΑΝΑΓΙΑ
341,FASTAC,20/07/11,30/07/11,,13850,41,252,,14287,,,,,1102,11009,,,64110400,Δ.Δ.Νέου Μαρμαρά,Ν. ΜΑΡΜΑΡΑΣ - ΠΥΡΓΑΔΙΚΙΑ
342,FASTAC,19/08/11,27/08/11,,11600,36,224,,14287,,,,,1102,11010,,,64110400,Δ.Δ.Νέου Μαρμαρά,Ν. ΜΑΡΜΑΡΑΣ - ΠΥΡΓΑΔΙΚΙΑ
343,DIMETHOATE,08/09/11,17/09/11,,13850,99,252,,14287,,,,,1102,11011,,,64110400,Δ.Δ.Νέου Μαρμαρά,Ν. ΜΑΡΜΑΡΑΣ - ΠΥΡΓΑΔΙΚΙΑ
344,DIMETHOATE,29/09/11,08/10/11,,13850,99,252,,14287,,,,,1102,11012,,,64110400,Δ.Δ.Νέου Μαρμαρά,Ν. ΜΑΡΜΑΡΑΣ - ΠΥΡΓΑΔΙΚΙΑ
345,FASTAC,02/08/11,17/08/11,,9750,30,180,,14260,,,,,1102,11013,,,64100300,Δ.Δ.Πυργαδικίων,Ν. ΜΑΡΜΑΡΑΣ - ΠΥΡΓΑΔΙΚΙΑ
346,FASTAC,29/08/11,06/09/11,,5850,16,108,,14260,,,,,1102,11014,,,64100300,Δ.Δ.Πυργαδικίων,Ν. ΜΑΡΜΑΡΑΣ - ΠΥΡΓΑΔΙΚΙΑ
347,DIMETHOATE,16/09/11,27/09/11,,6500,50,120,,14260,,,,,1102,11015,,,64100300,Δ.Δ.Πυργαδικίων,Ν. ΜΑΡΜΑΡΑΣ - ΠΥΡΓΑΔΙΚΙΑ
348,DIMETHOATE,12/10/11,13/10/11,,1300,10,24,,14260,,,,,1102,11016,,,64100300,Δ.Δ.Πυργαδικίων,Ν. ΜΑΡΜΑΡΑΣ - ΠΥΡΓΑΔΙΚΙΑ
349,FASTAC,20/07/11,28/07/11,,4800,16,36,,14336,,,,,1103,11017,,,64130200,Δ.Δ.Σάρτης,ΣΑΡΤΗ - ΣΥΚΙΑ - Π. ΚΟΥΦΟ
350,FASTAC,18/08/11,26/08/11,,4800,16,36,,14336,,,,,1103,11018,,,64130200,Δ.Δ.Σάρτης,ΣΑΡΤΗ - ΣΥΚΙΑ - Π. ΚΟΥΦΟ
351,DIMETHOATE,02/09/11,10/09/11,,4800,36,36,,14336,,,,,1103,11019,,,64130200,Δ.Δ.Σάρτης,ΣΑΡΤΗ - ΣΥΚΙΑ - Π. ΚΟΥΦΟ
352,DIMETHOATE,26/09/11,04/10/11,,4800,36,36,,14336,,,,,1103,11020,,,64130200,Δ.Δ.Σάρτης,ΣΑΡΤΗ - ΣΥΚΙΑ - Π. ΚΟΥΦΟ
353,FASTAC,20/07/11,28/07/11,,4800,16,36,,14326,,,,,1103,11021,,,64130100,Δ.Δ.Συκέας,ΣΑΡΤΗ - ΣΥΚΙΑ - Π. ΚΟΥΦΟ
354,FASTAC,10/08/11,20/08/11,,6000,20,45,,14326,,,,,1103,11022,,,64130100,Δ.Δ.Συκέας,ΣΑΡΤΗ - ΣΥΚΙΑ - Π. ΚΟΥΦΟ
355,DIMETHOATE,29/08/11,06/09/11,,4800,36,36,,14326,,,,,1103,11023,,,64130100,Δ.Δ.Συκέας,ΣΑΡΤΗ - ΣΥΚΙΑ - Π. ΚΟΥΦΟ
356,DIMETHOATE,16/09/11,27/09/11,,6000,45,45,,14326,,,,,1103,11024,,,64130100,Δ.Δ.Συκέας,ΣΑΡΤΗ - ΣΥΚΙΑ - Π. ΚΟΥΦΟ
357,DIMETHOATE,07/10/11,14/10/11,,4200,32,32,,14326,,,,,1103,11025,,,64130100,Δ.Δ.Συκέας,ΣΑΡΤΗ - ΣΥΚΙΑ - Π. ΚΟΥΦΟ
358,FASTAC,21/07/11,29/07/11,,4800,16,36,,14331,,,,,1103,11026,,,64130105,Πόρτο Κουφό,ΣΑΡΤΗ - ΣΥΚΙΑ - Π. ΚΟΥΦΟ
359,FASTAC,19/08/11,27/08/11,,4800,16,36,,14331,,,,,1103,11027,,,64130105,Πόρτο Κουφό,ΣΑΡΤΗ - ΣΥΚΙΑ - Π. ΚΟΥΦΟ
360,DIMETHOATE,02/09/11,10/09/11,,4800,36,36,,14331,,,,,1103,11028,,,64130105,Πόρτο Κουφό,ΣΑΡΤΗ - ΣΥΚΙΑ - Π. ΚΟΥΦΟ
361,DIMETHOATE,26/09/11,04/10/11,,4800,36,36,,14331,,,,,1103,11029,,,64130105,Πόρτο Κουφό,ΣΑΡΤΗ - ΣΥΚΙΑ - Π. ΚΟΥΦΟ
362,FASTAC,07/08/12,13/08/12,,16000,48,320,,14287,,,,,1201,12001,,,64110400,Δ.Δ.Νέου Μαρμαρά,ΠΕ ΧΑΛΚΙΔΙΚΗΣ
363,FASTAC,07/08/12,12/08/12,,9600,29,192,,14326,,,,,1201,12002,,,64130100,Δ.Δ.Συκέας,ΠΕ ΧΑΛΚΙΔΙΚΗΣ
364,FASTAC,07/08/12,12/08/12,,,,,,14331,,,,,1201,12003,,,64130105,Πόρτο Κουφό,ΠΕ ΧΑΛΚΙΔΙΚΗΣ
365,DIMETHOATE,07/08/12,11/08/12,,2900,22,58,,14336,,,,,1201,12004,,,64130200,Δ.Δ.Σάρτης,ΠΕ ΧΑΛΚΙΔΙΚΗΣ
366,DIMETHOATE,26/07/12,02/08/12,,28000,196,560,,14265,,,,,1201,12005,,,64110100,Δ.Δ.Νικήτης (Νικήτα),ΠΕ ΧΑΛΚΙΔΙΚΗΣ
367,DIMETHOATE,26/07/12,01/08/12,,6300,45,126,,14260,,,,,1201,12006,,,64100300,Δ.Δ.Πυργαδικίων,ΠΕ ΧΑΛΚΙΔΙΚΗΣ
368,FASTAC,07/08/12,14/08/12,,6300,19,126,,14243,,,,,1201,12007,,,64090400,Δ.Δ.Παλιουρίου,ΠΕ ΧΑΛΚΙΔΙΚΗΣ
369,FASTAC,07/08/12,11/08/12,,2950,9,59,,14237,,,,,1201,12008,,,64090200,Δ.Δ.Αγίας Παρασκευής,ΠΕ ΧΑΛΚΙΔΙΚΗΣ
370,DIMETHOATE,07/08/12,11/08/12,,3850,29,77,,14315,,,,,1201,12009,,,64120500,Δ.Δ.Ουρανοπόλεως,ΠΕ ΧΑΛΚΙΔΙΚΗΣ
371,FASTAC,07/08/12,13/08/12,,10800,32,216,,14254,,,,,1201,12010,,,64100100,Δ.Δ.Μεγάλης Παναγίας,ΠΕ ΧΑΛΚΙΔΙΚΗΣ
372,FASTAC,07/08/12,13/08/12,,8000,24,160,,14256,,,,,1201,12011,,,64100200,Δ.Δ.Γοματίου,ΠΕ ΧΑΛΚΙΔΙΚΗΣ
373,FASTAC,07/08/12,14/08/12,,9300,28,186,,14112,,,,,1201,12012,,,64020100,Δ.Δ.Γαλατίστης,ΠΕ ΧΑΛΚΙΔΙΚΗΣ
374,FASTAC,07/08/12,13/08/12,,3300,10,66,,14309,,,,,1201,12013,,,64120300,Δ.Δ.Νέων Ρόδων,ΠΕ ΧΑΛΚΙΔΙΚΗΣ
375,DIMETHOATE,07/08/12,11/08/12,,2650,20,53,,14298,,,,,1201,12014,,,64120100,Δ.Δ.Ιερισσού,ΠΕ ΧΑΛΚΙΔΙΚΗΣ
376,FASTAC,29/08/12,04/09/12,,16000,48,320,,14287,,,,,1201,12015,,,64110400,Δ.Δ.Νέου Μαρμαρά,ΠΕ ΧΑΛΚΙΔΙΚΗΣ
377,FASTAC,29/08/12,04/09/12,,9600,29,192,,14326,,,,,1201,12016,,,64130100,Δ.Δ.Συκέας,ΠΕ ΧΑΛΚΙΔΙΚΗΣ
378,FASTAC,29/08/12,04/09/12,,,,,,14331,,,,,1201,12017,,,64130105,Πόρτο Κουφό,ΠΕ ΧΑΛΚΙΔΙΚΗΣ
379,FASTAC,31/08/12,05/09/12,,2900,9,58,,14336,,,,,1201,12018,,,64130200,Δ.Δ.Σάρτης,ΠΕ ΧΑΛΚΙΔΙΚΗΣ
380,FASTAC,30/08/12,06/09/12,,28000,84,560,,14265,,,,,1201,12019,,,64110100,Δ.Δ.Νικήτης (Νικήτα),ΠΕ ΧΑΛΚΙΔΙΚΗΣ
381,FASTAC,30/08/12,08/09/12,,6300,18,126,,14260,,,,,1201,12020,,,64100300,Δ.Δ.Πυργαδικίων,ΠΕ ΧΑΛΚΙΔΙΚΗΣ
382,FASTAC,01/09/12,08/09/12,,6300,19,126,,14243,,,,,1201,12021,,,64090400,Δ.Δ.Παλιουρίου,ΠΕ ΧΑΛΚΙΔΙΚΗΣ
383,FASTAC,01/09/12,05/09/12,,2950,9,59,,14237,,,,,1201,12022,,,64090200,Δ.Δ.Αγίας Παρασκευής,ΠΕ ΧΑΛΚΙΔΙΚΗΣ
384,FASTAC,07/09/12,11/09/12,,3850,12,77,,14315,,,,,1201,12023,,,64120500,Δ.Δ.Ουρανοπόλεως,ΠΕ ΧΑΛΚΙΔΙΚΗΣ
385,FASTAC,07/09/12,13/09/12,,10800,32,216,,14254,,,,,1201,12024,,,64100100,Δ.Δ.Μεγάλης Παναγίας,ΠΕ ΧΑΛΚΙΔΙΚΗΣ
386,FASTAC,29/08/12,03/09/12,,8000,24,160,,14256,,,,,1201,12025,,,64100200,Δ.Δ.Γοματίου,ΠΕ ΧΑΛΚΙΔΙΚΗΣ
387,FASTAC,22/09/12,28/09/12,,9300,28,186,,14112,,,,,1201,12026,,,64020100,Δ.Δ.Γαλατίστης,ΠΕ ΧΑΛΚΙΔΙΚΗΣ
388,FASTAC,01/09/12,06/09/12,,3300,10,66,,14309,,,,,1201,12027,,,64120300,Δ.Δ.Νέων Ρόδων,ΠΕ ΧΑΛΚΙΔΙΚΗΣ
389,FASTAC,01/09/12,05/09/12,,2650,8,53,,14298,,,,,1201,12028,,,64120100,Δ.Δ.Ιερισσού,ΠΕ ΧΑΛΚΙΔΙΚΗΣ
390,DIMETHOATE,22/09/12,27/09/12,,16000,120,320,,14287,,,,,1201,12029,,,64110400,Δ.Δ.Νέου Μαρμαρά,ΠΕ ΧΑΛΚΙΔΙΚΗΣ
391,DIMETHOATE,29/09/12,08/10/12,,9600,72,192,,14326,,,,,1201,12030,,,64130100,Δ.Δ.Συκέας,ΠΕ ΧΑΛΚΙΔΙΚΗΣ
392,DIMETHOATE,29/09/12,08/10/12,,,,,,14331,,,,,1201,12031,,,64130105,Πόρτο Κουφό,ΠΕ ΧΑΛΚΙΔΙΚΗΣ
393,DIMETHOATE,29/09/12,04/10/12,,2900,22,58,,14336,,,,,1201,12032,,,64130200,Δ.Δ.Σάρτης,ΠΕ ΧΑΛΚΙΔΙΚΗΣ
394,DIMETHOATE,21/09/12,28/09/12,,28000,196,560,,14265,,,,,1201,12033,,,64110100,Δ.Δ.Νικήτης (Νικήτα),ΠΕ ΧΑΛΚΙΔΙΚΗΣ
395,DIMETHOATE,22/09/12,02/10/12,,6300,41,126,,14260,,,,,1201,12034,,,64100300,Δ.Δ.Πυργαδικίων,ΠΕ ΧΑΛΚΙΔΙΚΗΣ
396,DIMETHOATE,22/09/12,28/09/12,,6300,47,126,,14243,,,,,1201,12035,,,64090400,Δ.Δ.Παλιουρίου,ΠΕ ΧΑΛΚΙΔΙΚΗΣ
397,DIMETHOATE,23/09/12,27/09/12,,2950,22,59,,14237,,,,,1201,12036,,,64090200,Δ.Δ.Αγίας Παρασκευής,ΠΕ ΧΑΛΚΙΔΙΚΗΣ
398,DIMETHOATE,29/09/12,03/10/12,,3850,17,77,,14315,,,,,1201,12037,,,64120500,Δ.Δ.Ουρανοπόλεως,ΠΕ ΧΑΛΚΙΔΙΚΗΣ
399,DIMETHOATE,03/10/12,08/10/12,,10800,81,216,,14254,,,,,1201,12038,,,64100100,Δ.Δ.Μεγάλης Παναγίας,ΠΕ ΧΑΛΚΙΔΙΚΗΣ
400,DIMETHOATE,24/09/12,28/09/12,,8000,60,160,,14256,,,,,1201,12039,,,64100200,Δ.Δ.Γοματίου,ΠΕ ΧΑΛΚΙΔΙΚΗΣ
401,DIMETHOATE,22/09/12,26/09/12,,3300,25,66,,14309,,,,,1201,12040,,,64120300,Δ.Δ.Νέων Ρόδων,ΠΕ ΧΑΛΚΙΔΙΚΗΣ
402,DIMETHOATE,24/09/12,27/09/12,,2650,20,53,,14298,,,,,1201,12041,,,64120100,Δ.Δ.Ιερισσού,ΠΕ ΧΑΛΚΙΔΙΚΗΣ
403,DIMETHOATE,16/10/12,21/10/12,,16000,120,320,,14287,,,,,1201,12042,,,64110400,Δ.Δ.Νέου Μαρμαρά,ΠΕ ΧΑΛΚΙΔΙΚΗΣ
404,DIMETHOATE,16/10/12,21/10/12,,9600,36,192,,14326,,,,,1201,12043,,,64130100,Δ.Δ.Συκέας,ΠΕ ΧΑΛΚΙΔΙΚΗΣ
405,DIMETHOATE,16/10/12,21/10/12,,,,,,14331,,,,,1201,12044,,,64130105,Πόρτο Κουφό,ΠΕ ΧΑΛΚΙΔΙΚΗΣ
406,DIMETHOATE,17/10/12,21/10/12,,2900,22,58,,14336,,,,,1201,12045,,,64130200,Δ.Δ.Σάρτης,ΠΕ ΧΑΛΚΙΔΙΚΗΣ
407,DIMETHOATE,16/10/12,21/10/12,,28000,168,560,,14265,,,,,1201,12046,,,64110100,Δ.Δ.Νικήτης (Νικήτα),ΠΕ ΧΑΛΚΙΔΙΚΗΣ
408,DIMETHOATE,13/10/12,21/10/12,,6300,41,126,,14260,,,,,1201,12047,,,64100300,Δ.Δ.Πυργαδικίων,ΠΕ ΧΑΛΚΙΔΙΚΗΣ
409,DIMETHOATE,17/10/12,20/10/12,,3850,17,77,,14315,,,,,1201,12048,,,64120500,Δ.Δ.Ουρανοπόλεως,ΠΕ ΧΑΛΚΙΔΙΚΗΣ
410,DIMETHOATE,16/10/12,21/10/12,,8000,60,160,,14256,,,,,1201,12049,,,64100200,Δ.Δ.Γοματίου,ΠΕ ΧΑΛΚΙΔΙΚΗΣ
411,FASTAC,31/07/13,05/08/13,,2300,7,46,,14315,,,,,1301,13001,,,64120500,Δ.Δ.Ουρανοπόλεως,ΙΕΡΙΣΣΟΣ - ΜΕΓ. ΠΑΝΑΓΙΑ
412,KARATE,06/08/13,13/08/13,,2600,3,52,,14309,,,,,1301,13002,,,64120300,Δ.Δ.Νέων Ρόδων,ΙΕΡΙΣΣΟΣ - ΜΕΓ. ΠΑΝΑΓΙΑ
413,FASTAC,02/08/13,07/08/13,,2080,6,42,,14298,,,,,1301,13003,,,64120100,Δ.Δ.Ιερισσού,ΙΕΡΙΣΣΟΣ - ΜΕΓ. ΠΑΝΑΓΙΑ
414,KARATE,10/08/13,14/08/13,,5000,6,110,,14256,,,,,1301,13004,,,64100200,Δ.Δ.Γοματίου,ΙΕΡΙΣΣΟΣ - ΜΕΓ. ΠΑΝΑΓΙΑ
415,KARATE,10/08/13,15/08/13,,9600,12,192,,14254,,,,,1301,13005,,,64100100,Δ.Δ.Μεγάλης Παναγίας,ΙΕΡΙΣΣΟΣ - ΜΕΓ. ΠΑΝΑΓΙΑ
416,KARATE,22/08/13,29/08/13,,2400,3,48,,14315,,,,,1301,13006,,,64120500,Δ.Δ.Ουρανοπόλεως,ΙΕΡΙΣΣΟΣ - ΜΕΓ. ΠΑΝΑΓΙΑ
417,KARATE,26/08/13,13/09/13,,2700,3,54,,14309,,,,,1301,13007,,,64120300,Δ.Δ.Νέων Ρόδων,ΙΕΡΙΣΣΟΣ - ΜΕΓ. ΠΑΝΑΓΙΑ
418,KARATE,22/08/13,28/08/13,,2650,4,53,,14298,,,,,1301,13008,,,64120100,Δ.Δ.Ιερισσού,ΙΕΡΙΣΣΟΣ - ΜΕΓ. ΠΑΝΑΓΙΑ
419,KARATE,27/08/13,02/09/13,,5000,6,100,,14256,,,,,1301,13009,,,64100200,Δ.Δ.Γοματίου,ΙΕΡΙΣΣΟΣ - ΜΕΓ. ΠΑΝΑΓΙΑ
420,KARATE,27/08/13,01/09/13,,9600,12,192,,14254,,,,,1301,13010,,,64100100,Δ.Δ.Μεγάλης Παναγίας,ΙΕΡΙΣΣΟΣ - ΜΕΓ. ΠΑΝΑΓΙΑ
421,DIMETHOATE,10/09/13,16/09/13,,2000,13,40,,14315,,,,,1301,13011,,,64120500,Δ.Δ.Ουρανοπόλεως,ΙΕΡΙΣΣΟΣ - ΜΕΓ. ΠΑΝΑΓΙΑ
422,DIMETHOATE,13/09/13,21/09/13,,2560,16,52,,14309,,,,,1301,13012,,,64120300,Δ.Δ.Νέων Ρόδων,ΙΕΡΙΣΣΟΣ - ΜΕΓ. ΠΑΝΑΓΙΑ
423,DIMETHOATE,10/09/13,16/09/13,,2080,13,42,,14298,,,,,1301,13013,,,64120100,Δ.Δ.Ιερισσού,ΙΕΡΙΣΣΟΣ - ΜΕΓ. ΠΑΝΑΓΙΑ
424,DIMETHOATE,13/09/13,17/09/13,,5000,32,100,,14256,,,,,1301,13014,,,64100200,Δ.Δ.Γοματίου,ΙΕΡΙΣΣΟΣ - ΜΕΓ. ΠΑΝΑΓΙΑ
425,DIMETHOATE,13/09/13,18/09/13,,8040,50,162,,14254,,,,,1301,13015,,,64100100,Δ.Δ.Μεγάλης Παναγίας,ΙΕΡΙΣΣΟΣ - ΜΕΓ. ΠΑΝΑΓΙΑ
426,SUCCESS,01/10/13,10/10/13,,2250,75,0,,14315,,,,,1301,13016,,,64120500,Δ.Δ.Ουρανοπόλεως,ΙΕΡΙΣΣΟΣ - ΜΕΓ. ΠΑΝΑΓΙΑ
427,SUCCESS,01/10/13,10/10/13,,2250,75,0,,14298,,,,,1301,13017,,,64120100,Δ.Δ.Ιερισσού,ΙΕΡΙΣΣΟΣ - ΜΕΓ. ΠΑΝΑΓΙΑ
428,KARATE,10/08/13,16/08/13,,24000,30,480,,14265,,,,,1301,13018,,,64110100,Δ.Δ.Νικήτης (Νικήτα),ΙΕΡΙΣΣΟΣ - ΜΕΓ. ΠΑΝΑΓΙΑ
429,KARATE,10/08/13,16/08/13,,2900,4,58,,14336,,,,,1301,13019,,,64130200,Δ.Δ.Σάρτης,ΙΕΡΙΣΣΟΣ - ΜΕΓ. ΠΑΝΑΓΙΑ
430,KARATE,10/08/13,16/08/13,,5450,7,109,,14326,,,,,1301,13020,,,64130100,Δ.Δ.Συκέας,ΙΕΡΙΣΣΟΣ - ΜΕΓ. ΠΑΝΑΓΙΑ
431,KARATE,10/08/13,16/08/13,,5450,7,109,,14331,,,,,1301,13021,,,64130105,Πόρτο Κουφό,ΙΕΡΙΣΣΟΣ - ΜΕΓ. ΠΑΝΑΓΙΑ
432,KARATE,02/08/13,10/08/13,,4800,6,96,,14260,,,,,1301,13022,,,64100300,Δ.Δ.Πυργαδικίων,ΙΕΡΙΣΣΟΣ - ΜΕΓ. ΠΑΝΑΓΙΑ
433,DECIS,27/08/13,01/09/13,,24000,8,480,,14265,,,,,1301,13023,,,64110100,Δ.Δ.Νικήτης (Νικήτα),ΙΕΡΙΣΣΟΣ - ΜΕΓ. ΠΑΝΑΓΙΑ
434,KARATE,27/08/13,31/08/13,,2900,4,58,,14336,,,,,1301,13024,,,64130200,Δ.Δ.Σάρτης,ΙΕΡΙΣΣΟΣ - ΜΕΓ. ΠΑΝΑΓΙΑ
435,KARATE,27/08/13,01/09/13,,5450,7,109,,14326,,,,,1301,13025,,,64130100,Δ.Δ.Συκέας,ΙΕΡΙΣΣΟΣ - ΜΕΓ. ΠΑΝΑΓΙΑ
436,KARATE,27/08/13,01/09/13,,5450,7,109,,14331,,,,,1301,13026,,,64130105,Πόρτο Κουφό,ΙΕΡΙΣΣΟΣ - ΜΕΓ. ΠΑΝΑΓΙΑ
437,KARATE,22/08/13,30/08/13,,4800,6,96,,14260,,,,,1301,13027,,,64100300,Δ.Δ.Πυργαδικίων,ΙΕΡΙΣΣΟΣ - ΜΕΓ. ΠΑΝΑΓΙΑ
438,DIMETHOATE,16/09/13,18/09/13,,12000,75,240,,14265,,,,,1301,13028,,,64110100,Δ.Δ.Νικήτης (Νικήτα),ΙΕΡΙΣΣΟΣ - ΜΕΓ. ΠΑΝΑΓΙΑ
439,DIMETHOATE,13/09/13,16/09/13,,2000,13,40,,14336,,,,,1301,13029,,,64130200,Δ.Δ.Σάρτης,ΙΕΡΙΣΣΟΣ - ΜΕΓ. ΠΑΝΑΓΙΑ
440,DIMETHOATE,13/09/13,19/09/13,,4000,25,80,,14326,,,,,1301,13030,,,64130100,Δ.Δ.Συκέας,ΙΕΡΙΣΣΟΣ - ΜΕΓ. ΠΑΝΑΓΙΑ
441,DIMETHOATE,13/09/13,19/09/13,,4000,25,80,,14331,,,,,1301,13031,,,64130105,Πόρτο Κουφό,ΙΕΡΙΣΣΟΣ - ΜΕΓ. ΠΑΝΑΓΙΑ
442,DIMETHOATE,09/09/13,17/09/13,,4800,30,96,,14260,,,,,1301,13032,,,64100300,Δ.Δ.Πυργαδικίων,ΙΕΡΙΣΣΟΣ - ΜΕΓ. ΠΑΝΑΓΙΑ
443,SUCCESS,10/10/13,12/10/13,,12000,400,0,,14265,,,,,1301,13033,,,64110100,Δ.Δ.Νικήτης (Νικήτα),ΙΕΡΙΣΣΟΣ - ΜΕΓ. ΠΑΝΑΓΙΑ
444,SUCCESS,07/10/13,15/10/13,,4800,160,0,,14260,,,,,1301,13034,,,64100300,Δ.Δ.Πυργαδικίων,ΙΕΡΙΣΣΟΣ - ΜΕΓ. ΠΑΝΑΓΙΑ
